gameStarted,256
clientDevice,245
newPlayer,235
transaction,197
missionStarted,141
missionCompleted,131
missionFailed,119
missionAbandoned,87
uiInteraction,73
notificationServices,60
levelUp,57
appsFlyerAttribution,53
notificationOpened,52
engageResponse,50
inviteSent,46
tutorialCompleted,46
shopEntered,44
giftSent,44
tutorialStarted,43
boosterUsed,42
tutorialStep,39
loadStarted,36
gameEnded,33
giftReceived,33
options,33
adShow,31
socialConnect,29
adjustAttribution,25
adClosed,24
inviteReceived,23
itemCollected,23
adRequest,21
outOfGameSend,21
postSent,18
messageSent,18
social,18
powerUpUsed,18
levelStarted,18
achievement,17
featureUnlocked,16
itemActioned,15
dailyBonusCollected,14
messageReceived,13
levelCompleted,12
tutorial,12
levelFailed,12
productViewed,11
featureUsed,11
postReceived,11
facebookLogin,8
setLanguage,7
levelStart,6
newScore,6
openPage,6
hintUsed,6
gameStart,6
userRegistered,6
registeredForPush,6
userCheated,6
levelFinished,6
levelReached,6
coinsUsed,6
gameServerRegistered,6
viewClosed,6
specialOfferInitialized,6
viewShown,6
debug,6
featureStarted,5
challengeChestOpened,5
rateGame,5
funnelStep,5
setUserAge,5
featureReceived,5
featureEnded,5
matchStarted,5
challengePlayerKicked,5
updateUser,5
dailyReward,5
sessionEnd,5
share,5
abTest,5
tournamentCompleted,5
imageMessageAction,5
soomlaTbAdRevenue,5
onboarding,5
ftueInteraction,5
userOrphaned,5
achievementUnlocked,4
gameLoaded,4
adWatched,4
ingameLoadStarted,4
matAttribution,4
specialOfferReceived,4
rvImpression,4
facebookLogout,4
videoOffer,4
shopClicked,4
specialOfferBought,4
ftueStep,4
coinAward,4
sessionStarted,4
coinReceived,4
themeHuntItemCollected,4
error,4
outOfLives,4
mapLoaded,4
ratingPrompt,4
gdprFlow,4
adImpression,4
socialReward,4
levelPlayed,4
tutorialComplete,4
facebookShare,4
crossPromo,4
specialOffer,4
middle_button_fw,4
puzzleStarted,4
taskCompleted,4
itemsRecieved,4
surveyResults,4
sessionStart,4
levelSuccess,4
levelComplete,4
basicEvent,3
fc_takePhoto,3
tournamentSubmitScore,3
matchWon,3
fc_halfWin,3
fc_buyToys,3
playButtonPressed,3
lemmingDeath,3
fc_buyClothes,3
matchLost,3
fc_buyCats,3
fc_clothesShopPurchase,3
fc_packageName,3
fc_lose,3
rateUs,3
usage,3
facebookBackFill,3
lifeReceived,3
fc_extendGarden,3
fc_buyBox,3
appUpdated,3
fc_offerConversion,3
fc_rewardedAds,3
fc_newShopTap,3
startLevel,3
fc_eCardSent,3
fc_catGallop,3
transactionFail,3
fc_unbox,3
fc_levelUp,3
fyberNativeExceptionReceivedFromSDK,3
skillUsed,3
worldCompleted,3
fc_reloadMission,3
fc_timeLimitedOffer,3
fc_albumTap,3
rateUsAction,3
iapFailed,3
purchase,3
fc_coinPurchase,3
gateUnlocked,3
ticketsReceived,3
level_start,3
kochavaAttribution,3
fc_catAngel,3
tbAdRevenue,3
keysGateReceived,3
fc_receipt,3
dailyMissionCompleted,3
fc_sharePhoto,3
fc_fullWin,3
fc_tutorial,3
lifeRequested,3
powerupUsed,3
fc_match3GameEnd,3
login,3
promoImpression,3
advertStarted,3
minigameStarted,3
tutorialStart,3
photoTaken,3
fc_catPaw,3
tallyDetails,3
keysGateRequested,3
dailyMissionStarted,3
restoredUserItems,3
gameOver,3
fc_tryClothes,3
achievementCompleted,3
fc_moreTurn,3
dailyBonus,3
missionContinued,3
storeEvent,3
level_played,3
puzzleCompleted,3
fc_dataRecovery,3
coinsReceived,3
appInstalled,3
fc_inAppPurchase,3
fc_diamondUsed,3
tutorialStepSecondBattleKillEnemy20_3,2
loginFinish,2
exitWardrobe,2
purchaseRespin,2
exitGlitter,2
tutorialEvent,2
enterMapView,2
level_started,2
user_system,2
fc_tapMail,2
facebookEvent,2
nameCharacter,2
pref_about_open,2
mainScreen,2
toonAddToTeam,2
fb_button,2
videoRewardImpression,2
tutorialStepFBPopup32_1,2
tutorialStepComplete36,2
clientCapabilities,2
tutorialStepEnterHospital22,2
memoryCompleted,2
fc_tapCatBook,2
loginshards,2
playtime_start,2
finishDressRehearsal,2
tutorialStepFirstBattleLastMove14,2
pvpResult,2
boxOpened,2
level_tutorial_6,2
tutorialStepBeginBuildingTwo28,2
shop_payment,2
upgradeBuilding,2
gameRestarted,2
facebookInviteAttempted,2
caseStart,2
battletypeforfeit,2
megamorphStoneSink,2
levelWon,2
left_button_fw,2
photoShared,2
level_tutorial_3,2
tutorialStepEnemyTeamDisembark02,2
spentHardCash,2
chest_reached,2
enterFameMap,2
level_finish_selfexit,2
imageInterImpression,2
enterOptions,2
missionOpened,2
tutorialStepAttackMapOpened35,2
shopExited,2
isTester,2
pveResult,2
exitChallengeMenu,2
reward_user,2
tutorialStepSecondBattleKillEnemy20_1,2
item_use_saveme_cancelled,2
uiRateUsPopupShow,2
worldMap_start,2
tutorialStepBattleEnemyDefense10,2
purchaseExclusive,2
karmafyGroup,2
missionItemUsed,2
newSession,2
clickedBakeEscapeLink,2
battletypebegin,2
level_tutorial_4,2
caseElementComplete,2
purchaseGachaBag,2
boostRequested,2
popupShown,2
tenjinAttribution,2
battlebomb,2
boostSelected,2
missionReceived,2
tutorialStepExitHospital25,2
inGameAction,2
battleReplay,2
level_completed,2
exitShop,2
tutorialStepEnemyTwoThreat04,2
twitter,2
miniGameSummary,2
fc_userRating,2
pref_help_list_open,2
genderCharacter,2
removeitem,2
facebookLoginFail,2
rateRequest,2
missionOutOfMoves,2
item_purchase_quazar,2
shop_open,2
pref_help_close,2
enterShop,2
currencyChange,2
level_play,2
slugFoodSource,2
requestHelpBuild,2
enterTips,2
tutorialStepEnteredBattle07,2
pref_open,2
taskStarted,2
level_tutorial_17,2
slugAcquired,2
toonHealItem,2
exitOptions,2
lineupResults,2
gateReached,2
boxAcquired,2
item_use_crystal,2
battlereject,2
tutorialSkipped,2
itemBought,2
exitFollowUs,2
enterTV,2
fb_invitedFriends,2
fb_reg,2
item_purchase_chronos,2
gem_box_closed,2
purchaseAccessories,2
tutorialStepBattleEnemyTaunt09,2
completedDailyChallenge,2
advertising,2
gemSink,2
fb_button_level_finish,2
adRequested,2
settings,2
tutorialStepFirstBattleFirstMove12,2
enterFollowUs,2
userProperties,2
playAgain,2
pref_like_button,2
item_init_purchase_gate_pass,2
battleampgem,2
startupPackShown,2
pref_about_error_open,2
caseElementStart,2
finishedClothingRecommend,2
attribution,2
play_button,2
ftueRepeatEvent,2
fc_shopTap,2
rvClicked,2
exitTips,2
fbconnect,2
adReceived,2
item_init_purchase_life,2
tutorialStepFirstBattleSecondMove13,2
treasureItemEarned,2
chest_open,2
videoRewardCompleted,2
ftueMove,2
tutorialStepFBConnect32_21,2
residenceCompletion,2
challengeWrapup,2
tutorialStepBeginHealQueue23,2
enterFAQ,2
combo,2
item_use_chronos,2
level_finish_win,2
insufficientFundsExit,2
item_init_purchase_lasso,2
go_to_level_select_menu,2
hobRankUp,2
boosterUsedAfterGame,2
spinSummary,2
item_use_quazar,2
appsFlyer,2
tutorialStepSpeedupBuildingTwo29,2
gates_open,2
pvpStart,2
ftueFunnel,2
pref_music_button,2
gemSource,2
imageInterCompleted,2
exception,2
fc_sendRequest,2
battlecancel,2
level_description_window_close,2
shop_set_open,2
exhibitUpgraded,2
rewarditem,2
session_start,2
videoRewardAwarded,2
battleStart,2
shop_close,2
battleLose,2
instructionExecuted,2
fb_request,2
tutorialStepAttackMap34,2
pref_about_close,2
tutorialStepEnemyBossThreat03,2
enterBundleOffer,2
item_init_purchase_quazar,2
fb_button_description_window,2
dailyFirstConnection,2
viralResponse,2
item_purchase_life,2
swapProDancer,2
firstplayerwon,2
tutorialStepBeginBuildingOne26,2
facebookInviteSucceeded,2
fb_invite_friends_button,2
purchaseExtraMoves,2
battletime,2
playGacha,2
danceLevelledUp,2
level_tutorial_21,2
purchaseRename,2
item_use_lasso,2
level_tutorial_16,2
miner_screen_tub,2
item_init_purchase_crystal,2
proDilemma,2
fastForward,2
chatSend,2
toonCollectPiece,2
exitFameMap,2
fc_sessionAccount,2
missionCompletedBeforeAftermath,2
pveStart,2
advertWatched,2
pref_gc_connect_button,2
updateFinish,2
fb_get_reward_button,2
localNotificationStatus,2
matchSummary,2
enterGlitter,2
app_open,2
unlockedMiniEvent,2
fc_giveFish,2
enterWardrobe,2
adsFreqSet,2
dailyRewardCollect,2
showBundleOffer,2
item_use_saveme_free,2
hobStarted,2
fc_receiveFish,2
item_init_purchase_oracle,2
purchaseLiveShowReplay,2
help,2
characterUpdated,2
item_purchase_key,2
questResult,2
outOfResource,2
item_loose_life,2
pref_gamecenter_ach_open,2
level_pause_pref,2
coinSource,2
coinsEvent,2
toonFuseStart,2
loginStart,2
memoryStarted,2
purchaseFailed,2
pref_gamecenter_leaderboard_open,2
item_purchase_crystal,2
abilityactivate,2
rateGameClicked,2
tutorialStepSecondBattleKillEnemy20_2,2
redeemCode,2
tutorialStepBattleEnemyBossAngry11,2
playerLevelUp,2
level_finish_restart,2
fameRankUp,2
tutorialStepFacebookLogin32,2
tutorialStepSecondBattleThirdMove18,2
playtime_end,2
loadtime,2
startDLC,2
additem,2
interstitialAdShown,2
mypage,2
adDismissed,2
tutorialStepBattleFriendTaunt08,2
fb_login_refuse_beggar,2
hobCompleted,2
levelOpened,2
offlineConnect,2
tutorialStepSpeedupHealQueue24,2
imageMessageButtonClicked,2
exitTV,2
pref_sound_button,2
battleentertime,2
fc_claimMission,2
changescreen,2
bonusCollected,2
tutorialStepSecondBattleKillEnemy20,2
tutorialStepFriendEnterFight06,2
tutorialStepBeginBuildingThree30,2
ddnaABTest,2
megamorphStoneSource,2
funnel,2
item_use_saveme,2
worldMap_complete,2
game_launch,2
gachaConfirmationScreen,2
pref_fb_login_open,2
finishBasicTraining,2
battleWin,2
UIInteraction,2
transactionStarted,2
facebookConnected,2
routeFound,2
item_purchase_gate_pass,2
startLiveShow,2
item_purchase_oracle,2
purchaseProDancer,2
level_tutorial_1,2
herolevelup,2
level_finish_loose,2
videoAdView,2
tutorialStepSpeedupBuildingThree31,2
level_complete,2
first_install,2
requestToon,2
claimedChallengeReward,2
tutorialStepSecondBattleEnemyBossTaunt15,2
caseComplete,2
item_use_pickaxe,2
tutorialStepSecondBattleSecondMove17,2
item_purchase_pickaxe,2
socialGuestConnect,2
install,2
tutorialStepGuideScared05,2
advertCanceled,2
inAppPurchase,2
startDressRehearsal,2
tutorialStepGuideGreeting01,2
slugLevelUp,2
boosterUsedInGame,2
puzzleSkipped,2
inAppPurchaseException,2
playerlevelup,2
enterChallengeMenu,2
pref_lang_change,2
gem_box_view,2
level_pause_open,2
openedStore,2
no_lives_left,2
attemptedPurchase,2
dailyRewards,2
coins_payment_init,2
connectToFacebook,2
item_use_oracle,2
battletypeend,2
facebook_connect,2
exitLeaderboard,2
fb_login_get_reward_button_pressed,2
powerUsed,2
mapLobby,2
map_loading_time,2
userField,2
battleForfeit,2
push_notifications_request,2
battlepowergem,2
waittime,2
tutorialStepEnterName33,2
boostReceived,2
resetTutorial,2
missionSkipped,2
finishLiveShow,2
toonSell,2
gate_reached,2
app_loading_time,2
virtualCurrencyReward,2
loadTime,2
item_init_purchase_pickaxe,2
toonFuseEnd,2
endDLC,2
item_init_purchase_chronos,2
visitedWizard,2
startBasicTraining,2
level_tutorial_11,2
userReviewInteraction,2
account_merged,2
toonHeal,2
toonEvoEnd,2
gateStateChanged,2
failedDailyChallenge,2
coins_payment_performed,2
updateStart,2
finishDilemma,2
miniJobCollect,2
level_tutorial_2,2
fc_tapCatDetail,2
miniJobStart,2
coinSink,2
fc_doubleRewardByAds,2
lives_shop_enter,2
openGachaMenu,2
pref_help_open,2
buildingUpdate,2
gameSuspended,2
item_init_purchase_key,2
skillEarned,2
fc_notification,2
progress,2
updated_user,2
socialConnectFail,2
locate_me_button,2
transitQuest,2
rvWatched,2
itemUsed,2
enterLeaderboard,2
mapSegmentDoneDownloading,2
tutorialStepSecondBattleFirstMove16,2
item_purchase_lasso,2
useContinue,2
boosterUsedPreGame,2
placeBuilding,2
fc_facebookSignUp,2
tutorialStepSecondBattleSwap19,2
tutorialStepSpeedupBuildingOne27,2
purchaseEnergy,2
toonEarn,2
offerParticipation,2
viralSend,2
tutorialStepPostBattleConfrontation21,2
ratingAnswer,2
busyBuilderShown,2
killAllLemmings,2
buyMoves,2
abtest,1
fTUELevel1Completed,1
bagStarted,1
tutorialSquadWarLeaderboardLoaded03,1
canvasChange,1
buildings,1
legalButtonPressed,1
iosgc_connect,1
adShown,1
econCoreTransactionEvent,1
facebookInviteCompleted,1
weeklyUnlockCoolDownGet,1
pressedPlay,1
level_failures,1
purchaseProcessing,1
inAppStarted,1
bti_results_mainmenu,1
languageSelect,1
buy,1
movie_watch,1
ftueLevelLoaded,1
friend_invite,1
menuShown,1
openChest,1
gp_gm_outoflives,1
limitedOfferShown,1
pgsAchievementAwarded,1
getGold,1
ftueFreeBellsAcknowledged,1
item_outgoing,1
mfFirstGameCloseConfirmed,1
petbotUnequipped,1
facebookInviteSent,1
coins_pack5_purchaseComplete_game,1
pgsConnectAttempt,1
friend_invite_accept,1
loginCompleted,1
coins_pack3_purchaseAttempt_game,1
viewAbout,1
seasonalRewards,1
multitask_004,1
bti_h2h_facebook_friend_selected,1
treasureBoxCompleted,1
enteredSeasonSelect,1
social_ask,1
flowEvent,1
buildStarted,1
adEvent,1
vowel_O_purchaseComplete,1
specialBlocks,1
gp_gm_pauseappwhileplaying,1
noAdsSubscriptionSubscribed,1
referral_link_user_installed,1
tutorialStepFBConnectFail32_212,1
gachaEquip,1
ad_video_view_started,1
fd_liveOpsEventResult,1
shuffleEvent,1
endlessRunEnd,1
missionCompletedAgain,1
coins_pack5_purchaseAttempt_game,1
missionStoryStarted,1
demoVersionWindowOpened,1
level2ButtonTapped,1
coins_pack4_purchaseFailed_map,1
facebook_virality_invites,1
newUser,1
photoUnlocked,1
missionCompleteEvent,1
video_multiplicar_Visto,1
tutorialPetDispensed3,1
weeklyBoosterGet,1
chatMessageSent,1
leaderboardSelect,1
levelSessionStats,1
bagCompleted,1
paintUsed,1
selfieTaken,1
missionRunEnd,1
levelReplay,1
survey,1
cut_scene,1
spin_wheel_combo_reward,1
shopVisited,1
wheelSpin,1
newsShown,1
pgsConnectFailed,1
practice,1
retirada,1
videoAd,1
fTUELevel4Completed,1
pauseWindowOpened,1
dailyQuest,1
fb_btn_connect_menu,1
consumeCurrency,1
guildCreated,1
cruiseShipEvent,1
questCompleted,1
dailyBoosterGet,1
singerUnboxed,1
leaderboardWindowClosed,1
passportRequest,1
difficultyFallback,1
tweenError,1
hint_Use,1
squadJoin,1
facebookOfferPanelShareButtonClicked,1
homeButton,1
bti_remove_track_basket,1
fountainUsed,1
buyItem,1
pressedHelp,1
toonEvoStart,1
bubbleShooterLevel,1
ruletaInicio,1
squadWarRewardCollect,1
seasonalLeaved,1
skip,1
fd_levelUp,1
coinSpawned,1
actionFTUE2,1
rateGameImpression,1
matchEnded,1
move1,1
payToProceed,1
troopDisenchanted,1
bti_main_menu_solo,1
levelPlayFirst,1
challengestart,1
featuresetend,1
fc_itemPreview,1
spinWheel_iap_purchaseComplete,1
tutorialClicked,1
ddna_104_LevelPlayFirst,1
friendRequest,1
answerRiddle,1
tutorialUse10Letters,1
importantUserEvent,1
payerToday,1
buttonAction,1
missionAborted,1
pgsConnectSucceeded,1
bti_listen_track_results,1
levelUpCompleted,1
progressGateReached,1
convertedToMedicTiles,1
sharedFB,1
selectItem,1
team,1
inAppCancelled,1
bti_tutorialStepStarted,1
wordMarked,1
loginShown,1
ftueBellsCollected,1
vowelStore_open,1
worldMap,1
heartOutFirst,1
fb_btn_share,1
mfApplicationGoingToBackground,1
fd_extendSpace,1
sub_pack_purchased,1
gameIntro,1
buttonPressed,1
tutorialStepFBConnectOK32_211,1
itemsUsed,1
session_end,1
missionDeathTriggered,1
coinStore_btn,1
ftueIntro,1
shipAdded,1
tutorialPhaseCompleted,1
pgsAccessTokenExpired,1
viewMessages,1
coins_pack2_purchaseFailed_game,1
purchaseFail,1
mfTutorialGemTouched,1
catchphraseComplete,1
coins_pack6_purchaseFailed_game,1
adCallbackFired,1
guildChestUpgraded,1
uiEvent,1
permanentShopOpen,1
ftue_popup_4_fillMeter,1
categorySelectionScreenOpened,1
bti_listen_track_backet,1
ddna_301_ViewMessages,1
bti_track_answered_challenge,1
local_Notification,1
buyHurryUp,1
adVideo,1
videoWatched,1
levelEnd,1
jwlSysJwlUpgradeTimeBuyOut,1
gameServiceWasConnected,1
introWheelSpin_closed,1
notificationSent,1
lootDelivery,1
missionContinue,1
tutorialEnterLetter,1
lives_event,1
consumed_campaign,1
missionclick,1
ddna_103_LevelPlayed,1
pointsChanged,1
coins_pack4_purchaseAttempt_game,1
tourEnded,1
dailyUnlockKeyAdsGet,1
popup,1
appPerformance,1
item_stock,1
characterAdded,1
fd_coinUse,1
gameEventCompleted,1
dailymissioncompleted,1
missionTurnP2,1
gameActionClaim,1
chapterCompleted,1
videoAdWatched,1
gldVersion,1
rate_Attempt,1
panningPlayed,1
diamondsGained,1
nav_ui_levelpackselected,1
clearDebris,1
multichestDR,1
ad_Video_Failed,1
initTimeToInteract,1
vowelStore_closed,1
bti_decline_challenge,1
pgsConnection,1
facebookInvite,1
challengeFail,1
playerEngaged,1
unlockClass,1
iapShopExit,1
gameResult,1
storeClosed,1
ratePopup,1
levelFailedThreeInARow,1
coinProviderReward,1
mainMenuShown,1
fd_buyToys,1
coins_pack6_purchaseFailed_map,1
itemsReceived,1
social_help,1
totalPlayTime,1
spinWheel_btn,1
mfCloseConfirmed,1
livesStore,1
clickedSkipLevel,1
tutorialPetSaved2,1
ad_Interstitial_Attempt,1
mfBuyCoinsSucceeded,1
app_Load,1
puzzleCreationStarted,1
hintMenuOpened,1
ddna_302_AcceptMessageAll,1
facebook_Dar_vida,1
progression,1
updatePlayer,1
gp_gm_firstmoveandshoot,1
countryUnlock,1
boosterGet,1
inAppSuccess,1
scoreMultiplyerAccepted,1
minimapEvent,1
orbAppear,1
spendMoneyOfType,1
register,1
dailyBoosterSelect,1
ticketCollectButtonPressed,1
recompensa,1
listPopupClosed,1
passLevel,1
tutorial_event,1
levelshare,1
bti_mygames_current_start,1
ad_Banner_Failed,1
weeklyRewards,1
totalBundleTime,1
heartRefill,1
ftue_popup_8_bubbleSwap,1
levelStartedThreeInARow,1
multitask_003,1
push_enabled,1
inicio_por_Push_de_vidas,1
vidas_Compradas_desde_dialogo_sin_vidas,1
dDiffSegmInit,1
ftue_tuto3_iniciado,1
about_policy_btn,1
coinsGained,1
coins_pack5_purchaseFailed_game,1
ddna_404_VisitPauseScreenAd,1
dailyBoosterUse,1
mateBegin,1
mfContactCS,1
mfInterstitialFinished,1
gameReady,1
orbUsed,1
fd_userRating,1
unlockTheme,1
special_offer_select,1
pgsHack,1
currencyEvent,1
missionOutOfPossibleMoves,1
ftue_jugar_menu,1
fb_gift_received,1
minePlayed,1
facebookFriendBeatenShared,1
ascendHelper,1
tiltOff,1
ddna_255_SelectItem,1
nextLevel,1
helpShiftClose,1
tutorialStepCompleted,1
nodeLost,1
gameSparks,1
fd_clothesShopPurchase,1
instructionPlaced,1
buyMoreLemmingsGold,1
settings_fb_btn,1
bootedFromSquad,1
shipLevelledUp,1
facebook_Post_pantalla_pasada,1
replayTriggered,1
viewUGC,1
heartflurryGet,1
yarnMachineActivated,1
aboutPopup,1
ecosystemStatistics,1
missionTurnP1,1
tutorialFinished,1
cubesCollected,1
popupHidden,1
inviteOfferShown,1
appRatingRequested,1
heartsEvent,1
ddna_101_LevelSuccess,1
swapMissionEvent,1
moreLivesClosed,1
actionFTUE21,1
iapShopView,1
facebookInviteFailed,1
rateScreenStarted,1
bti_gameplayEnded,1
cpEndOfMovesRendered,1
actionFTUE10,1
accountInfo,1
initTimeToInteractFirst,1
ftue_tuto1b_iniciado,1
cloudLoadChoose,1
vowel_U_purchaseComplete,1
getItem,1
videoAds,1
eulaCompliance,1
lifeTransaction,1
vowel_E_purchaseComplete,1
mfFirstGameCloseButtonTouched,1
hourlyBonusOpen,1
socialShare,1
tutorialPetDispensed2,1
sceneExit,1
consumable,1
cpMenuRendered,1
nodeStarted,1
successRate,1
hintMenuClicked,1
tuto5_Pasado,1
game_unlockMilestone,1
checkEnergy,1
coins_pack4_purchaseAttempt_map,1
chatSent,1
buyBuilding,1
reward_unclaimed,1
star_sinks_by_level,1
pushSent,1
inGameMsgShown,1
vida_Perdida,1
chef_upgrade_dialogue,1
playgame,1
mfCloseButtonTouched,1
advertAbandoned,1
tourStepCompleted,1
disconnectedPanelViewed,1
playLevel,1
match,1
ftue_popup_7_fillDrain,1
collectionEntered,1
inventoryUsed,1
referral_link_referred_user_count,1
pveResume,1
inicio_por_Push_de_popup,1
cloudLoadClose,1
facebook_virality_shares,1
mateHurry,1
fd_tutorial,1
timeUp,1
gp_gm_startlevel,1
getChest,1
fbRetentionNotification,1
goldBar_sinks_by_level,1
seasonalLevelSuccess,1
multitask_007,1
adDisplayed,1
game_buyPowerup,1
uI_Notification_Set,1
basicTutorialV3,1
firstPetSaved,1
miniGameLevelUp,1
game_buyCoins,1
fc_rechargeCamera,1
ruleta_ultima_oportunidad_Video_Visto,1
coinsSink,1
mfRateAppPopup,1
skillUpgraded,1
movePerformed,1
inicio_por_Push_de_ruleta,1
savegame,1
matchComplete,1
push_custom_yes_clicked,1
productDownloadFailed,1
mfRemoveAdsFailed,1
weeklyBoosterSelect,1
tutorialBoxDraggedToLocation2,1
mateEnd,1
attributeLevelsCheck,1
minigameResultsInFinishedComposite,1
whaleOfferPurchased,1
tutorialStepFBSkipConfirm32_221,1
starChest,1
bti_connect_facebook,1
puzzle_Tutorial,1
rvStart,1
userSwitch,1
bti_no_connection_window,1
seasonalEntered,1
duck_you_factor,1
limitedOfferClicked,1
nodeAbandoned,1
bti_noEnergy,1
gachaPrize,1
popUpShowed,1
squadSocialPurchase,1
mobileUpsellPopup,1
ftue_popup_2_collectLetters,1
mostrarOfertaEspecial,1
fc_faceShopShow,1
characterUnlocked,1
inventoryAdded,1
tutorialStepComplete,1
bti_quit_challenge,1
menuHidden,1
vida_Perdida_ftue,1
announcement_post_click,1
fc_featureShopShow,1
facebookLoginStatus,1
categoryCompleted,1
decrease_gems,1
pushNotificationClicked,1
cpFirstMoveAction,1
focusLost,1
social_reward,1
characterLevelledUp,1
levelLost,1
levelRestarted,1
noAdsSubscriptionTrialExtended,1
fbconnect_failed,1
facebookOfferPanelShareFailed,1
missionProgress,1
tiltOn,1
rewardAdWatched,1
pause_btn,1
categoryUnlocked,1
battledisconnect,1
dailySpin,1
aviso_no_mover_aliens,1
skippedWatchingStory,1
actionFTUE1,1
duelAIFinished,1
useGUI,1
storyProgressed,1
tutorialSquadWarViewRewardClicked07,1
iapProductPurchase,1
firstUserExperience,1
bti_accept_challenge,1
in_app_purchase,1
battleWave,1
social_action,1
challengeEnded,1
sessionError,1
adPicked,1
inviteFriendSent,1
chef_box_sink_event,1
awardCurrency,1
episodeComplete,1
cpEndOfMovesBuy,1
ratingShown,1
uniquePayingUser,1
skillCharged,1
mfUnblockTimerExpired,1
mfGameStarted,1
librarycontent,1
scoreMultiplyerFinished,1
fTUELevel2Completed,1
troopRefunded,1
playerAccount,1
vowelStore_purchasedLetter,1
incorrectAttempt,1
seasonalBoosterGet,1
rateMarketEvent,1
stageOpened,1
bti_start_challenge,1
bti_h2h_random_search,1
coins_pack2_purchaseAttempt_game,1
missionStoryCompleted,1
fd_rewardedAds,1
tutorialPetDispensed1,1
bti_mygames_current_accept,1
levelCompletedThreeInARow,1
seasonalBoosterSelect,1
level3ButtonTapped,1
rewardedVideoShow,1
videoInteraction,1
prizeSpin,1
doublerTriggered,1
boosterUse,1
opina_like,1
gateOpened,1
dailymissionbigrewardcollected,1
fbInvite,1
localPushScheduled,1
buyWithCoins,1
mfRemoveAdsSucceeded,1
gameSessionFinished,1
guiGO,1
endSession,1
currencySpent,1
shareScreenshot,1
shopMainScreenShow,1
gachaEvolve,1
actionFTUE12,1
madeFirstMoveEver,1
petFound,1
inviteRewarded,1
clientDBaseId,1
dailyLevelStart,1
nnGamesAttribution,1
levelUpKingdom,1
bti_tryWatchVideoEnergy,1
game_launch_once,1
sentFacebookRequests,1
purchaseSuccess,1
getMorePowerUpsButtonPressed,1
bti_mygames_previous_challenge_replay,1
achievementCollected,1
socialAction,1
mfFirstGameFinished,1
emojiSetCompleteEvent,1
fd_sharePhoto,1
missionStartedAgain,1
dailyLoginClaimed,1
ftue_tuto5_iniciado,1
coins_pack2_purchaseFailed_map,1
tutorialAllPetsSafe3,1
bti_buyEnergyLittle,1
simpleInitialLoading,1
fd_inviteFriend,1
facebookOfferPanelShareCompleted,1
bti_loading_start,1
levelUpReached,1
papaQuest,1
actionFTUE8,1
shipUpgraded,1
bti_mygames_previous,1
sendGridEmail,1
bti_changeAvatar,1
tuto3_Pasado,1
banco_desde_comprar_movimientos,1
ddna_202_ViewGoldShop,1
roomEntered,1
viewGoldShop,1
coins_pack4_purchaseComplete_map,1
inviteFriendReceiveReward,1
banco_Cancelado,1
gameTutorialClosed,1
bti_results_watchlist,1
mfSecondGameStarted,1
appLifecycle,1
coins_pack1_purchaseFailed_map,1
earnCoinsButtonTapped,1
catBellsStore,1
networkPerformanceMetric,1
contentDownload,1
charFed,1
cuteyPuffCount,1
ddna_256_GetItem,1
screenChange,1
coins_pack4_purchaseFailed_game,1
mfPlayerCreated,1
ftueLevelCompleted,1
ddna_303_AcceptMessageSome,1
settingsWindowOpened,1
mfFirstGameStarted,1
sellBuilding,1
level_rated,1
failedLevel,1
roundCompleted,1
weeklyBoosterUse,1
mfUnblockUsed,1
fTUEStep,1
powerupTutorialClosed,1
bti_mygames_challenge_resuls_replay,1
app_Exit,1
lemmingDeaths,1
game_exitGame,1
mfGameFinished,1
tutorialSquadWarStatueShown01,1
introVideoPlayed,1
imageMessageResponse,1
video_vida_Visto,1
askForReview,1
stargoldbar_count_lvlend,1
showWheelReshuffle,1
minigameLost,1
finishDay,1
tutorialSectionComplete,1
themeHuntItemFound,1
facebookShareCompleted,1
offerShown,1
lootItemUnlocked,1
location,1
promoImageClicked,1
firstItemFunnel,1
spinWheel_charged_clicked,1
facebook,1
ad_Video_Attempt,1
crmPanelViewed,1
iap_befor_validation,1
facebook_action,1
noAdsSubscriptionTrialEnded,1
promoShown,1
localPushCancelled,1
weeklyEvent,1
gp_gm_firstmove,1
tutorialJunkDispensed1,1
sellCat,1
announcementAcceptClicked,1
gp_gm_finishlevel,1
iap,1
mfTutorialChainCompleted,1
emojiCharacterCollectionProgress,1
extra_moves_purchase,1
levelDashStarted,1
shopAction,1
cpPlayClicked,1
lives_source,1
audioAcess,1
connectedToPalringo,1
multitask_008,1
tutorialStepFBSkip32_22,1
econItemPurchased,1
reward_shown,1
tutorialStage,1
fc_liveOpsEventResult,1
fd_moreLives,1
actionFTUE14,1
minigameBought,1
actionFTUE6,1
battleTeamEvent,1
visitFacebook,1
tutorialJunkSaved1,1
spinWheel_iap_purchaseAttempt,1
move2,1
missionQuitAgain,1
tutorialJunkDispensed3,1
purchaseStarted,1
game_booster_dialogue,1
thumbPurchaseAttempt,1
mfBundleVersion,1
gameBoardAction,1
matchResult,1
nav_ui_leveloutroscreenviewed,1
fd_packageName,1
evolutionBuddie,1
levelDashEnded,1
ddna_002_RetryLevel,1
pickupCollected,1
spinWheel_closed,1
receiveBehavior,1
pantalla_Pasada,1
coins_pack4_purchaseComplete_game,1
mfApplicationReturningFromBackground,1
googlep_connect,1
objetivos_sin_1_estrella,1
progressGateUnlocked,1
magicBoxSpin,1
ftue_tuto4_terminado,1
heartflurrySelect,1
spinWheel_iap_open,1
freeCoinsOfferCompleted,1
adWatch,1
fBLogin,1
loadingStatus,1
facebookShareButtonClicked,1
funnelFlow,1
econSubTransactionEvent,1
nav_ui_levelintroscreenviewed,1
abTestEngageDdnaUserFacebookUserJoin,1
transaction_failed,1
juego_iniciado_sin_vidas,1
registerExternal,1
comic_strip,1
special_event_reward_claim,1
boosters_Comprados,1
initialBundleTime,1
video_movimientos_Visto,1
killPower,1
firstiap,1
opina_mensaje,1
rateScreenDone,1
replayRecord,1
tutorialSkipPopup,1
itemUnEquip,1
coinTapped,1
vowel_O_purchaseAttempt,1
clientDBaseAction,1
userPressOnLetter,1
replayLevel,1
answerSpree,1
leftSquad,1
heartOut,1
zombieKilled,1
gateOpen,1
mfCoinsSpent,1
scoreMultiplyerDecline,1
acceptMessageSome,1
enemyPassed,1
ticketsGained,1
minigameAnswer,1
worldMap_open,1
puzzleaction,1
askFriends,1
bti_openPlayerProfile,1
deviceMatched,1
heartRequest,1
ad_interaction,1
coinStore_closed,1
loadingstart,1
ratingScreen,1
accelerateWorkbench,1
weeklyChallenge,1
weeklyLevelFailure,1
masteryChallengeEnded,1
movesRemaining,1
getClickTonel,1
viewAdvertisement,1
puzzleContinued,1
gamePlay_start,1
getBuddie,1
gp_gm_controllersused,1
justaCheckpoint,1
dogNamed,1
bti_mygames_challenge_resuls,1
bti_h2h_facebook,1
shopClose,1
brainfreezePuzzle,1
push_disabled_custom,1
levelOverall,1
dailyPuzzleCompleted,1
userStats,1
energyStatus,1
requestHeart,1
gachaCompleted,1
starEarned,1
levelProgress,1
bti_main_menu_leaderboards,1
firstTimeUserExperience,1
push_custom_shown,1
dailyUnlockKeyAdsSelect,1
conversionEventHelperOffer,1
resource,1
fd_campaignMissionCompleted,1
spendBehavior,1
highScoreAchieved,1
ddna_001_PlayLevel,1
pausePrompt_open,1
hourlyBonusFailed,1
lem_TravelToWorld,1
fd_albumTap,1
rewardreceived,1
secondChance_prompt,1
ddna_102_LevelFailed,1
banco_Monedas_Compradas,1
nav_ui_boughtmonkeys,1
mineLoading,1
secondOfferShow,1
rateAppAction,1
ftue_popup_6_finger,1
eventCompleted,1
nav_ui_pausescreenviewed,1
enableUnlimitedHeart,1
ddna_005_HeartOut,1
ftue_vidas_mapa,1
soClose,1
praxiskitredeemed,1
vowel_I_purchaseAttempt,1
reachedLevel,1
dailyEvent,1
newLevelReached,1
characterSold,1
progressReset,1
convertRubiesPopupClosed,1
passportGet,1
diamondsSpent,1
settings_sfx_btn,1
facebook_Invitacion,1
levelsChallengeEvent,1
ultima_pantalla_superada,1
videoAdFailed,1
refillEnergyTriggered,1
nav_ui_levelpackpurchased,1
sessionCompleted,1
fd_inAppPurchase,1
playerUpdate,1
makePower,1
spinEvent,1
missionFailedAgain,1
banco_desde_comprar_powerups,1
nav_ui_levelpackviewed,1
updateName,1
playCompleted,1
pgsGameStarted,1
panningStarted,1
rewardedVideoPointReached,1
playend,1
matchStartedFromLeaderboard,1
fc_getSocialEvent,1
reward_claimed,1
fc_crossPromotionClick,1
ftue_popup_9_buySpin,1
ftue_popup_10_buyVowel,1
inviteSelected,1
shopUninitialized,1
guiReset,1
characterCreated,1
ddna_201_ViewPermaShop,1
tutorialStepFBSkipConnect32_222,1
dailyChallengeMenu,1
selectGold,1
initialLoading,1
socialInteraction,1
charItem,1
startedWatchingStory,1
coinStore_open,1
special_event_click_once,1
locationStats,1
deepLinkProcessed,1
tutorialSkipPopupImpression,1
ftue_tuto2_terminado,1
fd_coinPurchase,1
semmembership,1
ftue_tuto3_terminado,1
tournament,1
fd_crossPromotion,1
coins_pack3_purchaseComplete_game,1
bti_finished_challenge,1
restartUsed,1
bti_openShop,1
multitask_009,1
windowOpen,1
chumPicked,1
tuto1_Pasado,1
dailyActive,1
bti_mygames_current_nudge,1
actionFTUE9,1
facebookConfirmation,1
allianceActioned,1
minigameFinished,1
pressedPlayFirstTime,1
weeklyLevelStart,1
settingChanged,1
winSequenceStart,1
chestShow,1
transactionApp,1
settings_bgm_btn,1
ddna_310_RequestPassport,1
offerImpression,1
windowClosed,1
chapterCollectionCompleted,1
tutorialJunkSaved2,1
shopOpen,1
premiumHurry,1
ftue_popup_5_wallBounce,1
facebookInterstitialShow,1
progressGateAdWatched,1
gachaStarted,1
ddna_203_GetGold,1
ftueFirstShot,1
bti_gameplayStarted,1
endlessRunStart,1
ruleta_ultima_oportunidad_Lanzada,1
push_disabled_os,1
shopClosed,1
multitask_006,1
skillRankChanged,1
reawrdedVideoFinish,1
fd_diamondUsed,1
firstInApp,1
dialogComplete,1
accountLinked,1
freeCoinsVideoWatched,1
downloadCompleted,1
chestOpen,1
launchedByNotification,1
game_ftueProgress,1
levelStats,1
ftue_facebook_records,1
modifierSpawned,1
coins_pack2_purchaseComplete_map,1
multitask_005,1
game_gameOver,1
buttonBackTapped,1
loot,1
coins_pack1_purchaseAttempt_game,1
powerUpsVideoOfferPanelButtonClicked,1
referral_link_referred_reward,1
userLevelUnlocked,1
transactionCancelled,1
transaction2,1
settings_btn,1
pauseMenu,1
openLootTokens,1
cpPlayMatchClicked,1
replayButtonClicked,1
gameBooted,1
fd_buildDecoration,1
pushPopupShown,1
achievementClaimed,1
puzzle_Start,1
bti_mygames_current_continue,1
levelFail,1
happening,1
policyButtonPressed,1
lem_HeartEmbeddedObtained,1
facebook_Pedir_vida,1
bti_unlock_bundle,1
game_restartGame,1
nav_ui_monkeyreplenishmentscreenviewed,1
troopOfferPopup,1
pausePrompt_resume_btn,1
versionInfo,1
mfInterstitialStarted,1
cardDragged,1
freeTrialSubStarted,1
rewardedAd,1
tollbooth_passed,1
facebookSendLives,1
finishedWatchingStory,1
ftue_estrellas_mapa,1
games_played,1
leaderboardWindowOpened,1
coins_pack6_purchaseComplete_game,1
tutorialBoxDraggedToLocation1,1
mergedCharacter,1
heartSend,1
guiBigScreenshot,1
heartReceive,1
tutorialAllPetsSafe1,1
fd_unfriend,1
creatureUpdate,1
puzzleCreated,1
rewardedVideoClicked,1
tutorialSquadWarEventPointsClicked05,1
fc_backShopShow,1
accountConnected,1
dailyPrize,1
fc_stickerClick,1
ftue_tuto1_iniciado,1
boosterInventory,1
viewHeartShop,1
item_incoming,1
playmob,1
onRewardedChestRedeemed,1
stageCompleted,1
troopAscended,1
unlockKingdom,1
bti_mygames_current_decline,1
skip_level,1
app_Launch,1
seasonalLevelStart,1
boosterSelect,1
ratingComplete,1
dDiffSegmChanged,1
ticketsSpent,1
notificationDialogShown,1
minigamePrepared,1
tutorialForceComplete,1
booster_sinks,1
ftueMapLoaded,1
changeClass,1
cpFbClicked,1
vowel_E_purchaseAttempt,1
visitPauseScreenAd,1
dataPlayer,1
bandPerkUsed,1
watchBakeReceived,1
ad_chartboost_impression,1
tutorialSquadWarEarnPointsClicked04,1
playstart,1
mfConnectionStatus,1
fd_addFriend,1
rateResult,1
levels,1
tuto4_Pasado,1
optionsButtonPressed,1
eventActivated,1
mfBuyCoinsFailed,1
paygate_unlock_click,1
coinsSource,1
game_start,1
questionUnlocked,1
facebook_login_success,1
appStart,1
newWorldUnlocked,1
referral_link_referred_install_reward,1
actionFTUE20,1
skillActivated,1
lifetimeCurrencyPurchased,1
mfBuyBoltsSucceeded,1
worldStarted,1
spinWheel_charged,1
mfSecondGameFinished,1
guildWarRegistered,1
tutorialPetSaved1,1
achievementGot,1
fd_sendRequest,1
unexpectedErrorInStore,1
arenaCompleted,1
questionCompleted,1
nav_ui_ingamescreenviewed,1
showVideo,1
homePauseButton,1
losePrompt_quit_btn,1
bti_add_track_results,1
ddna_003_VisitFacebook,1
wonLevel,1
facebookInviteButtonClicked,1
facebook_Post_record_superado,1
redeemedChallenges,1
bti_addCoins,1
shipSold,1
pantalla_Pasada_ftue,1
subscription,1
undo,1
in_app_purchase_server,1
challengeend,1
hangar,1
buyCoinsButtonTapped,1
ruletaDerrota,1
vowelStore_btn,1
levelFailure,1
cutsceneMeter,1
sub_chef_unlock_event,1
app_rating,1
characterUnlockedEvent,1
offerWallSelect,1
ftue_opciones_menu,1
playStarted,1
killedAllLemmings,1
match_length,1
tutorialAllPetsSafe2,1
buyCat,1
keyEarned,1
inGameAdOffer,1
mfUnblockTouched,1
productDownloaded,1
seasonalEvent,1
mfFirstGameCloseCancelled,1
uiOpenClose,1
livesEmpty,1
interstitialAdView,1
seasonalBoosterUse,1
mfCloseCancelled,1
bti_main_menu_mygames,1
showReshuffle,1
social_logout,1
bti_leaderboard_filter_changed,1
new_world_close_press,1
mfFirstGameChainCompleted,1
playerLevelProgressEvent,1
cuteyPuffLevelUp,1
coins_pack1_purchaseAttempt_map,1
buyExtraTry,1
facebook_virality_giftssent,1
bonusPlayed,1
buyTicketsOfferPanelButtonClicked,1
mainMenu_open,1
levelExit,1
achievementunlocked,1
interstitialClicked,1
uI_Popup,1
interstitialShown,1
enteredTutorialStep,1
facebookShareFailed,1
leaderboardWindowFacebookConnect,1
fBLogout,1
cardDefeated,1
lives_btn,1
ddna_120_GameBoardAction,1
dailyUnlockKeySelect,1
coins_pack5_purchaseComplete_map,1
packSelectionScreenOpened,1
ftueLevelSelected,1
banco_desde_dialogo_sin_vidas,1
starAchieved,1
recipeUnlocked,1
seasonalLevelFailure,1
missionFailedFirstTime,1
notificationEvent,1
ftueLandmark,1
rate_game,1
fd_claimWeeklyReward,1
playerStatus,1
duelError,1
bti_email_complete_registration,1
ageGate,1
circleChampionRoundStart,1
bubbleImpression,1
tutorialJunkDispensed2,1
nav_ui_gameoverscreenviewed,1
actionFTUE17,1
deltaDNA_sale_campaign_refused,1
basicTutorialV2,1
prizeWon,1
bonusStarted,1
nodeWon,1
fbConnection,1
missionGoalCompleted,1
validateinstall,1
costume_equipped,1
guiControl,1
offlineCoinsGained,1
storevisit,1
requestPassport,1
showFreeReshuffle,1
windowAutorizationShown,1
editor,1
gameSessionStarted,1
guildTaskCompleted,1
introWheelSpin_open,1
statusReport,1
bti_restart_challenge,1
ddna_305_SendMove,1
ddnaForgetMe,1
ddna_004_HeartOutFirst,1
actionFTUE4,1
firstPurchase,1
smoothie_Add,1
coins_pack1_purchaseComplete_map,1
passportReceive,1
social_challenge,1
dailyUnlockKeyGet,1
emojiCollectionProgress,1
bti_watch_videoForCoins,1
settings_about_btn,1
deeplinkValidation,1
deviceRegistered,1
actionFTUE7,1
cpCrushReport,1
accessoryBought,1
ftue_facebook_menu,1
fc_neckShopShow,1
gp_gm_firstshot,1
powerups_Comprados,1
powerUpEarned,1
interstitialAd,1
openGate,1
dailyLevelSuccess,1
sessionFirstStart,1
catBellsSpent,1
bti_main_menu_h2h,1
facebookFriendBeatenSelect,1
treasureEarned,1
demoVersionWindowBuyButtonClicked,1
friendadd,1
dailyPuzzleUnlocked,1
videoAdStarted,1
useBooster,1
adsRewardSelect,1
coins_pack3_purchaseComplete_map,1
gameReset,1
basicsTutorial,1
wentToGriddition,1
battlebegin,1
gp_gm_firstkill,1
ruleta_diaria_Video_Visto,1
buyPowerUpsOfferPanelButtonClicked,1
watchedTutorial,1
actionFTUE5,1
freezetimeGet,1
facebookConnectButtonPressed,1
soundOn,1
actionFTUE16,1
ruleta_diaria_Cancelada,1
mfNotEnoughCoins,1
gp_gm_firstmoveaway,1
wordDefined,1
unlimitedLivesPopup,1
skippedTutorial,1
bankPopupClosed,1
gamemap,1
gp_gm_checkpoint,1
remainingBundleTime,1
playQuit,1
bandUpdated,1
bti_post_twitter,1
startDay,1
fb_btn_invite,1
performance,1
battleSummary,1
multitask_001,1
userWatchedExtraMovesFreeBee,1
gp_gm_quitappwhileplaying,1
level_begin_event,1
ad_watched,1
yardInteraction,1
desbloqueo,1
termsOfService,1
duelFinished,1
ddna_105_LevelSuccessFirst,1
vowel_U_purchaseAttempt,1
ruleta_diaria_Lanzada,1
launch_by_notification,1
coins_pack1_purchaseFailed_game,1
connectivityCheck,1
vowel_A_purchaseComplete,1
level_failed,1
goldbar_source_by_level,1
bti_h2h_rechallenge,1
justaMostrar,1
movimientos_Comprados,1
fbconnect_connected,1
levelEnded,1
vidas_Ilimitadas_compradas,1
mfFirstRowCleared,1
ftue_facebook_estrellas,1
acceptMessageAll,1
levelreport,1
battlewin,1
bti_gameplayCombo,1
livesBalanceChanged,1
startGameDialogShown,1
attemptIAP,1
fd_offerConversion,1
fb_btn_connect_map,1
chartboostBackfill,1
rateTheApp,1
levelSelectionScreenOpened,1
connectionErrorPopupOpened,1
viewPermaShop,1
packCompleted,1
mfPlayerLogin,1
ddna_304_RequestHeart,1
fd_visitHouse,1
entryScreenOpened,1
gp_gm_quitlevel,1
opina_dislike,1
gameAcess,1
tutorialVerify,1
noAdsSubscriptionTrialStarted,1
bti_mycharts_choose_bundle,1
ftueCheckpoint,1
response,1
levelUpSoulForge,1
adUse,1
weeklyUnlockCoolDownSelect,1
puzzle_Complete,1
rvWatch,1
fd_match3GameEnd,1
failIAP,1
fc_hatShopShow,1
ticketsVideoOfferPanelButtonClicked,1
sideQuest,1
missionRunStart,1
actionFTUE19,1
viewPopup,1
ftueLevelCanComplete,1
loginExternal,1
spinWheel_open,1
playerSwiped,1
levelPass,1
weeklyLevelSuccess,1
userAutorized,1
coins_pack6_purchaseAttempt_map,1
booster_source,1
puzzle_Quest_Complete,1
storeOpened,1
tutorialBoxPickedUp2,1
easterEggFound,1
periodicBonus,1
demoVersionWindowCloseButtonClicked,1
loadingend,1
tutorialLevel2Load,1
bti_tutorialSkip,1
osstartup,1
social_login,1
purchase_status,1
shopRegret,1
ftue_tuto1b_terminado,1
adAttempted,1
ui_interaction,1
ddna_006_DailyActive,1
facebook_friends,1
fc_coinUse,1
push_notifications_custom,1
offerWallReceive,1
bti_sendInvite,1
ftue_logo_o_germen_menu,1
promoReceived,1
video_Visto,1
questionSubmission,1
guiUndo,1
minigameView,1
iapProductSelect,1
troopTrained,1
engagement,1
inicio_por_Push_de_volver,1
ad_video_view_completed,1
mission_updated,1
rateButtonClicked,1
push_notifications,1
petBought,1
ftue_platillo_menu,1
app_First_Tap,1
chapterCollectionItemCollected,1
powerUpButtonPressed,1
gate,1
helpShiftOpen,1
firstRun,1
tutorialGeneral,1
special_event_level_restart,1
screenOpened,1
cuteyPuffEquipped,1
deeplinkEngaged,1
ftue_tuto1_terminado,1
action,1
squadCreated,1
verifiedTransaction,1
chef_box_source_event,1
nameEntered,1
mission,1
noChemicalsResponse,1
specialOfferButton,1
ftue_tuto5_terminado,1
loginTime,1
itemEquip,1
last_screen_befor_quit,1
placeUnlocked,1
jwlSysJwlUpgradeBuy,1
coins_pack3_purchaseAttempt_map,1
guiScene,1
actionFTUE11,1
play_btn,1
singularAttribution,1
jukeBoxSongPlayed,1
tutorialSquadWarCompleted08,1
chef_level_upgrade_event,1
menu,1
popUpClosed,1
mineStarted,1
offer,1
charLevelUp,1
troopGained,1
ftueMoves,1
compra_Anulada,1
purchaseSucess,1
characterLevelUpEvent,1
fd_spaceUnlocked,1
challengeComplete,1
ftue_tuto2_iniciado,1
petbotEquipped,1
circleChampionRoundComplete,1
buildCompleted,1
bti_email_start_registration,1
game_usePowerup,1
bossPassed,1
missionFinished,1
videoAdCompleted,1
justaCompletada,1
levelSummary_prompt,1
hourlyBonusCollect,1
ftue_opciones_juego,1
fTUELevel3Completed,1
gameLaunched,1
minigameComplete,1
pgsGlobalLeaderboardRank,1
gachaPurchased,1
conversionEventLocationBooster,1
powerUpItemUsed,1
actionFTUE13,1
friendJoined,1
gachaViewed,1
duelAccepted,1
actionFTUE18,1
userUpdate,1
dailyEventRewardCollect,1
earnMoney,1
shop,1
about_support_btn,1
gameComplete,1
game_splash,1
gameLoadFinished,1
missionProgressEvent,1
announcement_like,1
ad_Interstitial_Failed,1
scoreMultiplyerSelect,1
usePowerup,1
dailyLevelFailure,1
tutorialJunkSaved3,1
lem_SFXToggle,1
teamUpdate,1
tutorialPetSaved3,1
buyPolygon,1
bti_main_menu_invitefriend,1
dailymissionstarted,1
matchDrawn,1
inviteFriends,1
ftue_popup_3_completePuzzle,1
ftueUseRainbow,1
cuteyPuffShardGet,1
tutorialUseReveal,1
nav_ui_boughtproduct,1
battleEvent,1
tutorialPlay,1
bti_mygames_previous_challenge_chosen,1
game_buyScenario,1
gp_gm_objective,1
buyLives,1
creditsButtonPressed,1
transactionFailed,1
tutorialSquadWarStatueClicked02,1
feedbackButton,1
outOfMoves,1
ftue_tuto4_iniciado,1
dialogOpened,1
piggyBank,1
tutorialBoxPickedUp,1
spinWheel_iap_closed,1
journal_task,1
visitComingSoonAd,1
rewardedVideoStarted,1
missionCompletedFirstTime,1
adBanner,1
levelSuccessFirst,1
miniGameStarted,1
gameInfo,1
characterUpgraded,1
cuteyPuffPowerUsed,1
battleforfeit,1
troopTraitUpgraded,1
tutorialStepped,1
ammoFired,1
adventCalendar,1
ddna_406_VisitExternalURL,1
bti_loading_end,1
rewardedVideoCompleted,1
playerAction,1
iapPurchase,1
notificationsEnabled,1
coins_pack6_purchaseComplete_map,1
coins_pack2_purchaseComplete_game,1
cardCollected,1
ftue_opciones_mapa,1
levelAbort,1
missionQuit,1
mfBuyBoltsFailed,1
missionEvent,1
button_clicked,1
genericEvent,1
recompensaDiaria,1
mapScreenShow,1
tutorialPetSaved4,1
bti_h2h_random_accept,1
gateFinished,1
petRescued,1
inAppFailed,1
weaponGained,1
modeSpentTime,1
tourStarted,1
upsellPopupClosed,1
socialPlataform,1
mfStuck,1
deepLinked,1
gp_gm_pressedquitfromoutofmonkeys,1
sendMove,1
smoothie_Collect,1
stickerUsed,1
mfInterstitialAttemptedToShow,1
duelIssued,1
missionAssignedEvent,1
sendHeart,1
bti_resume_challenge,1
losePrompt_retry_btn,1
chef_upgrade_eligible_event,1
secondChance_btn,1
social_share,1
fin_de_sesion,1
turnSubmitted,1
retryLevel,1
miniGame,1
multitask_002,1
cubesCollectedReward,1
tuto2_Pasado,1
ftueUseSuper,1
tipShown,1
fd_dailyMissionCompleted,1
playerLevelUpEvent,1
todaysDailyStarted,1
spendCurrency,1
gameplay_end,1
charAssigned,1
purchaseCompleted,1
vowel_A_purchaseAttempt,1
level1Buttontapped,1
coins_pack2_purchaseAttempt_map,1
petLevelUp,1
bti_folow_twitter,1
localNotification,1
lem_MusicToggle,1
socialFBConnect,1
increase_gems,1
coins_pack6_purchaseAttempt_game,1
bti_results_replay,1
bti_h2h_random,1
oferta_Comprada,1
livesVideoOfferPanelButtonClicked,1
battlelose,1
about_terms_btn,1
spin_wheel_reward,1
initial_cutscene_event,1
haveFunPopup,1
cpEndOfMovesClosed,1
adInterstitial,1
sprocketSpeech,1
cloudLoadSelect,1
adsPlayed,1
bti_buyEnergyLarge,1
pressedPause,1
lem_SuspendGame,1
notEnoughEnergy,1
actionFTUE15,1
tutorialSquadWarMiniEventClosed06,1
panningRestarted,1
puzzle_Shuffle,1
ruleta_ultima_oportunidad_Cancelada,1
coins_pack3_purchaseFailed_game,1
deepLink,1
tutorialLevel1Load,1
reward_viewed,1
passportSend,1
ftueTutorialPopup,1
solveEvent,1
recompensaCastillo,1
unlockWaifu,1
getGoldFirst,1
coins_pack5_purchaseAttempt_map,1
continueButton,1
interstitialStart,1
adRequestFailed,1
first_gems_add,1
visitExternalURL,1
closePopup,1
featuresetstart,1
sharedTwitter,1
receiptvalidationiap,1
changeAppearance,1
ftueWoodyLeanIn,1
bti_follow_facebook,1
nav_ui_outofmonkeysviewed,1
gameCrashed,1
puzzleRedeem,1
pushRegistered,1
zeroLives,1
item_outgoing_source,1
actionFTUE3,1
device,1
adViewed,1
vowel_I_purchaseComplete,1
screenShown,1
appInviteSent,1
gamePlay,1
buyPowerup,1
purchaseCancelled,1
spendMoney,1
powerUpsBalanceChanged,1
out_of_lives,1
petLost,1
banco_desde_moneda_mapa,1
bti_device_registration,1
gp_gm_death,1
connect,1
profileSwitched,1
minigameWon,1
bossFailed,1
star_source_by_level,1
challengeStart,1
wentToWordSlide,1
freeCuteBoxClaimed,1
privacy,1
ftueStepCompleted,1
bragged,1
adsRewardGet,1
userExpense,1
bti_h2hResult,1
playerFeedback,1
missionBonused,1
video_view_life,1
changeDifficulty,1
boostersUsed,1
freeSpins,1
banco_Monedas_Seleccionadas,1
iapEvent,1
advertCompleted,1
minerRevived,1
sentinelUpgraded,1
freezetimeSelect,1
levelContinue,1
babyWantsImpressions,1
specialPrize,1
skill_used,1
guildJoined,1
rvEnd,1
collectionPanelViewed,1
bossEnter,1
booster_used,1
facebookInviteTracker,1
tutorialEnterWord,1
gold_spend,1
fBLoginFirst,1
soundOff,1
bakeOrder,1
ftue_monedas_mapa,1
noMoreTurns,1
socialConnection,1
shufflePower,1
smurfUnlocked,1
livesEvent,1
bti_post_facebook,1
powerup_Utilizado,1
supportButtonPressed,1
leaderboardWindowOpenFailed,1
coins_pack1_purchaseComplete_game,1
mfBonusAwarded,1
gp_gm_startcheckpoint,1
selectLevel,1
bti_main_menu_mybasket,1
modifierUsed,1
bti_mygames_current,1
ticketsBalanceChanged,1
eventPromoActionComplete,1
fc_freeStuff,1
first_gems_sub,1
web_loading_time,1
