gameStarted,317
clientDevice,300
newPlayer,289
transaction,174
missionStarted,95
missionCompleted,94
uiInteraction,89
gameEnded,73
levelUp,70
notificationServices,59
notificationOpened,56
missionFailed,53
appsFlyerAttribution,45
missionAbandoned,40
engageResponse,37
options,33
adShow,31
shopEntered,24
matchStarted,24
achievement,23
adClosed,22
socialConnect,21
rateUs,20
share,20
outOfGameSend,18
featureUnlocked,16
taskCompleted,16
inviteSent,15
videoRewardAwarded,15
interstitialAdShown,14
matchSummary,14
inviteReceived,13
minigameSkipped,13
mainMenuShown,13
minigameFinished,13
minigameStart,12
facebookLogin,12
gameCompleted,12
itemCollected,12
thumbPurchaseAttempt,12
adRequest,11
matchWon,11
gameLoaded,11
itemActioned,11
adsFreqSet,11
facebookInvite,11
tutorialStepCompleted,10
abTest,10
gamePlay,9
social,9
adjustAttribution,9
loadingTime,9
gameResult,9
adVideo,9
tutorial,9
adInterstitial,9
skillUpgraded,9
matchLost,9
usage,9
characterCreated,9
rvWatched,8
codeEntrySuccess,8
interstitialAdClicked,8
rewardCollected,8
loading,8
adBanner,8
kochavaAttribution,8
videoAdView,8
userFeedback,8
giftSent,7
tutorialStepStarted,7
reportLocation,7
matchStart,7
tutorialStep,7
codeEntryFail,7
tutorialComplete,7
powerUpUsed,6
interstitialAdView,6
parentalGateStart,6
rateGameImpression,6
battleEnd,6
parentalGateComplete,6
levelStart,6
giftReceived,6
rateGame,6
messageSent,6
battleStart,6
matchMaking,5
cmShown,5
playerDeath,5
funnelEvent,5
exception,5
softPurchase,5
messageReceived,5
boosterUse,5
sessionStart,5
introStart,5
funnelFlow,5
rateTheApp,5
tutorialStart,4
ageGate,4
puzzleCompleted,4
hintUsed,4
sessionEnd,4
introComplete,4
socialReward,4
videoRewardStarted,4
stageCompleted,4
matchEnded,4
question,4
faLevelFailure,4
guild,4
matchEnd,4
help,4
funnel,4
leagueRoundPlay,4
UIInteraction,4
questStarted,4
productViewed,4
cmButtonClick,4
adClicked,3
sendGridEmail,3
load,3
characterSelected,3
tapToPlayStarted,3
characterSelectComplete,3
bubbleboy,3
psDialogSent,3
raLevelFailure,3
categoryCompleted,3
login,3
classEntered,3
subscriptionStarted,3
eventGiftSent,3
eventGiftReceived,3
tapToPlayCompleted,3
leaderboard,3
objectives,3
boosterScreen,3
classLocked,3
questCompleted,3
tutorialFinished,3
roundStarted,3
startGame,3
bug,3
appStarted,3
flagChanged,3
epidemyfinished,3
achievementGot,3
mastershipInstant,3
rewardReceived,3
pvpStarted,3
socialhelp,3
signPopup,3
starterpack,3
missionObjective,3
building,3
levelCompleted,3
noMoreLives,3
puzzleStarted,3
psUserInfoInput,3
signChanged,3
boosterPurchase,3
playerDefeated,3
socialvisit,3
ftueStepCompleted,3
freeKickPlay,3
floorColored,3
mastership,3
globalEvent,3
powerup,3
achievementUnlocked,3
levelPlayed,3
economy,3
tutorialStarted,3
epidemypackage,3
patient,3
adWatched,3
dailyquest,3
levelLoaded,3
storyStarted,3
daily_reward,3
sessionStarted,3
yearbook,3
leagueExit,3
psBehaviorSent,3
ratePopup,3
support,3
namechange,3
playerSelected,3
facebookShare,3
faLevelSuccess,3
gameOver,3
livesConsumed,3
raLevelSuccess,3
rvImpression,3
error,3
treasure,3
roundCompleted,3
classUnlocked,3
tutorialStepComplete,3
moreTimeBeforePuzzle,2
event,2
rvStarted,2
playerLevelUp,2
spinnerReward,2
stageStarted,2
taskStarted,2
adShown,2
sessionInit,2
socialconnect,2
puzzleFailed,2
onError,2
careerRockshopPurchase,2
reward,2
pgsAchievementAwarded,2
characterUnlocked,2
startLevel,2
pgsConnectAttempt,2
quizCreated,2
suspendStateChange,2
completeLevel,2
phraseResolved,2
storeOpened,2
currencySpentData,2
friendAdded,2
removeFriend,2
socialInteraction,2
proModeUnlock,2
followPlayer,2
userLoggedIn,2
socialShare,2
speedUp,2
gateOpen,2
drumOptions,2
storeVisit,2
deckBuilt,2
unlockGear,2
zone,2
selectGameType,2
skinGet,2
colorEquip,2
videoWatched,2
timedoffer,2
sessionError,2
rivalsEventDetailsSong,2
friends_request,2
songStarted,2
gameDisconnected,2
categoryUnlocked,2
rivalsEventPlayerParticipation,2
ftueLandmark,2
match,2
activityFeed,2
feedbackSent,2
endlessOver,2
timerRushed,2
onboardingConversion,2
real_match,2
appRated,2
subscriptionSelected,2
missionBonused,2
upgradeBuilding,2
facebook,2
enterScreen,2
games_played_with_friends,2
gateLocked,2
unlockLevel,2
popUpDisplayed,2
selectMode,2
matchResult,2
customADRequest,2
roundStart,2
songCompleted,2
tutorialReport,2
levelsuccess,2
purchaseError,2
userName,2
battleStarted,2
matchAbandoned,2
levelfail,2
battleSummary,2
shopClicked,2
manualShare,2
missionStatistics,2
deckDeleted,2
rivalsEventCrewBadgeEarned,2
appClosed,2
connectionResolved,2
placeItem,2
rewardedVideoWatched,2
specialEventPlayed,2
purchase,2
openPack,2
missionSelected,2
merchantMissionCompleted,2
quest_complete,2
spinnerClicked,2
connectionAttempted,2
customADSuccess,2
motionSwingToggle,2
sceneEntered,2
removeCard,2
questionCompleted,2
unlockCity,2
itemBought,2
roundFinished,2
ftueInteraction,2
rivalsEventDetails,2
customADInterrupt,2
guitarOptions,2
medalEarned,2
fastTravel,2
startMatch,2
newGearUnlocked,2
customADFail,2
rankChanged,2
gateUnlocked,2
storyCompleted,2
session_end,2
songAbort,2
careerOutfitSlotInfo,2
mainScreen,2
optOutOfBI,2
rvClicked,2
useGUI,2
outOfCurrency,2
quitLevel,2
singularAttribution,2
emojiSent,2
openChest,2
tutorialEnded,2
newGearEquipped,2
itemCrafted,2
songPurchase,2
offerwallAwarded,2
promoVideoStarted,2
pokerHandSummary,2
matchPlayed,2
puzzleContinued,2
specialEventFinished,2
spin_to_win,2
roundEnd,2
powerUpAppear,2
pvpEnded,2
rockudramaShowComplete,2
rockudramaNewPlaythrough,2
userMatchEnd,2
pgsGameStarted,2
careerShowCompletion,2
addCard,2
gearEquip,2
pgsGlobalLeaderboardRank,2
ftuxStepCompleted,2
equip,2
rivalsEventDetailsConstraint,2
controllerChange,2
imageMessageAction,2
screenChange,2
dailyRewardClaimed,2
matchDrawn,2
characterSelectStart,2
rivalsEventCrewResult,2
rivalsEventPlayerBadgeEarned,2
sceneExit,2
tutorialEnd,2
myProfileOpened,2
menuEnter,2
knightMissionCompleted,2
pgsConnectSucceeded,2
ftue,2
matchesplayed,2
gemsSpent,2
player_ranked_up,1
popularityAdd,1
createQuestionRevealLoseConfirm,1
visit_scene,1
raceStart,1
tutorialAttack,1
sessionInfo,1
freeCoinsScreenSeen,1
openPopUp,1
tool1000Use,1
friends_10_more,1
modalSongShare,1
cozFPS,1
quick_play_game_finished,1
casWizardStart,1
stageUnlocked,1
at_is_watch_video_to_end,1
openLootReward,1
boostSet,1
promoVideoFinished,1
fortressSwapOut,1
funnelIntroHome,1
at_open_world_trade,1
terraformAction,1
mode_changed,1
tournamentJoined,1
buy_bat_archer,1
clickShopLink,1
missionMove,1
facebookPosted,1
startWithFormation,1
germyEvolution,1
pushAcceptancePopupFail,1
proStarterpack,1
purchaseStarted,1
cxMissionStarted,1
playerSpawned,1
gameplay_caught,1
gameOverWaiting,1
adsRewardedAccepted,1
sessionStart1,1
noSlamAlert,1
minorChoices,1
minigameStarted,1
tutorialStage,1
videoUploaded,1
gacha_purchase3,1
deckSwapOut,1
gacha_purchase2,1
ftueImpactMeterEvent,1
languageSelect,1
at_spend_token,1
gameStart,1
spawningRadiusReached,1
cardLevelUp,1
at_complete_quest_task,1
newDay,1
settingsChanged,1
cureEnergy,1
changeSpace,1
mapScreen,1
lifeSpent,1
endConnectMeta,1
guestLogin,1
timingEvent,1
collectionUnlike,1
chests_in,1
millJobHarvest,1
restartSlingshot,1
pushAcceptancePopupSuccess,1
renderingPerformance,1
loadingFinished,1
productsSpent,1
shareQuizFacebook,1
getFreeCoins,1
searchSwitchToAll,1
unlockItem,1
externalShare,1
select_holy,1
crosswordWordCompleted,1
adAction,1
saveExplicit,1
addBuilding,1
hexagonComment,1
firstFever,1
mailRead,1
daily_reward_offerwall,1
training_L20,1
ftue_thumb_scan,1
treatmentHelpRequest,1
battleVictory,1
dropItem,1
notificationsOpenedFromPush,1
dv_real_reward,1
content_download,1
questionEdit,1
guildAccepted,1
insufficientStorageMessage,1
otherResourcesDidSearchWeb,1
videoAdStarted,1
chat_friend_unfriend,1
medals_earned,1
at_event_trigger_on_tutorial,1
collectFoodStall,1
openChestBig,1
leagueResult,1
toolUnlock,1
userActionsBySessionMission,1
unfavouriteAsset,1
at_complete_port_sale,1
updateName,1
otherResourcesGotPhotoFromWeb,1
qs4_mm_time,1
universeEdited,1
switchBoard,1
purchaseSlot,1
gameplay_pauseMission,1
infinityCategoryCompleted,1
total_gold_spent,1
expeditionLog,1
challenged,1
creditsSpent,1
generatorIncremented,1
resolvedNotificationFailurePopup,1
createClan,1
onAverageFPS,1
transactionCancel,1
challengeWin,1
traderOpen,1
marketBuyItem,1
sessionFirstStart,1
roomEntered,1
moreApps,1
hobStarted,1
purchaseBox,1
populationCard,1
carrera_nueva,1
socialShareScore,1
activateToy,1
seasonStart,1
backpack_item_added,1
missionRevive,1
social_prayer,1
quizBack,1
tutorial_started,1
appLoadStartMethods,1
notificationsPromptAccepted,1
rockstarAccountCreated,1
funnelIntroCoachTalk,1
userAttemptToRate,1
environmentArrival,1
createQuizRevealLoseConfirm,1
rateSend,1
statsUpdated,1
ftue_30_A,1
instant_craft,1
userReported,1
shoot_bomb,1
oaAllianceModifyCommand,1
discardCollectable,1
matchCompletedManagerPointsUsed,1
battleWon,1
fameLevelUp,1
challengeCollectEndPrize,1
clothTry,1
songScore,1
freeCoinsCollected,1
outfitCategorySelected,1
test,1
missionDrawn,1
cameraOtherSources,1
playedTime,1
createQuizNameConfirm,1
evolution,1
setNewPacksNotificationPreference,1
parkSectionEntered,1
signupPvP,1
at_complete_world_trade,1
chartsSongPressed,1
subscription_status,1
androidDeviceStats,1
at_enable_push_notifications,1
ftue_8,1
tutorialPickPersonality,1
upgradeStadium,1
tankUpgradeLog,1
freeTrialStarted,1
activityStop,1
leaderboardOpened,1
vocalOptions,1
endBattle,1
cardPackageProduct,1
messages_in,1
mode_lock_character,1
chat_Send,1
buyFirstUpgradeState,1
restartHomeworld,1
battle_lost,1
leaderboardDayPick,1
beatHighScore1,1
addToFavourites,1
bingoCardGenerated,1
locationCompleted,1
upgrade,1
createSession,1
miniGameStart,1
gems_out,1
exitAvatar,1
oaFactoryBuildCommand,1
inviteFriendsShare,1
deckSwapIn,1
songListAdvance,1
boostStart,1
multiplayer_duel_won,1
cofre_goles,1
missionInteraction,1
createdQuizAnsweredByCreator,1
launcherDownloadManifestStep,1
getAttachedPresent,1
gameLeaderboardOpen,1
heroLevelUp,1
completeDailyQuest,1
rateUsPopUp,1
gameplay_pressHelpButton,1
buySecondSymptomState,1
equipmentLevelUp,1
ftue_15,1
onChapterReached,1
music_off,1
social_native_share_click,1
empieza_evento,1
crosswordRotate,1
scoreScreenClosed,1
gameplay_take_pic,1
ftue_Progress,1
receivePvPInvt,1
userSignUp,1
build,1
ingredientUpgraded,1
pgsConnection,1
rufConversion,1
press_button_settings,1
cardPackageOpen,1
gameplay_prop_interact,1
characterLevelUp,1
userConflict,1
loginCanvasInitiate,1
startup_flow,1
contentDownloadEnd,1
endLoginProcess,1
rankUp,1
kingMissionLaunched,1
inviteCodeShown,1
character_created,1
islandComplete,1
oaMoveFleetCommand,1
enterGameworld,1
showSeason,1
miniGameSummary,1
sompEmoteSent,1
displayCard,1
chooseFbProgress,1
aaSendMessage,1
groupJoinProtected,1
runeBuy,1
buyShopGift,1
panelCreated,1
matchRematch,1
friendRequestSent,1
recommended_tab_unlocked,1
spinSlot,1
questionCreated,1
transactionResponse,1
incompleteAssetsInstall,1
collectBonus,1
battleDefeat,1
promoPhotoWatched,1
transaction1,1
at_complete_building_contract,1
meteorDelivered,1
gameplay_dialog_response,1
player_Name,1
createQuizRevealWinConfirm,1
keepPlaying,1
battle_victory,1
chatReceiveMessage,1
effectChoice,1
pgBattleStarted,1
gameRoundCompleted,1
gameplay_initial_start,1
example,1
ftue_2,1
skip,1
lifeAccepted,1
share_snapshot_email,1
urlWrap,1
facebookShare1,1
runStart,1
at_start_free_advert,1
logro_completado,1
rate_us_popup,1
tutorialNavigateToFight,1
ppvQualified,1
beginFacebookInvite,1
moreAppsImpression,1
battlePickupFlag,1
android_push_registered,1
insufficientFunds,1
jobStyleMeter,1
bonusCollected,1
spin,1
deeplinkEngaged,1
opponentLeaveMatch,1
bill_Purchase,1
adGift,1
shrineRepaired,1
robotLevelUp,1
bundle,1
ftue_29,1
purchased,1
quizCreatorProfile,1
offeredContinueAd,1
challengeQualify,1
openedAirplayHowToPopup,1
dataSettingsWindowOpened,1
jobStarted,1
notificationOpenedFromGame,1
askFriendsSend,1
boundary,1
curatedQuizSent,1
quizCreateStopped,1
collectPromotion,1
workoutCompleted,1
optionsTabQuizPlayExit,1
specialItemAvailable,1
collectDailyBonus,1
contentUploadEnd,1
noInternet,1
play_game_fail,1
cardBuy,1
mineCollected,1
licenseExpiredLogin,1
openChestChampions,1
dilema,1
playlistEdit,1
powerUpBombUsed,1
dialogNotEnoughCurrency,1
politicalActivity,1
tutorialStoryCompletion,1
playerSongScore,1
cozCombatStopped,1
createQuestionDone,1
spinPackUsed,1
missionContinued,1
extraction_Start,1
launchRocket,1
battle_user_continued,1
upgradeStorage,1
textInPanel,1
logro_recogido,1
at_show_r_video_window,1
interstitialDismissed,1
quizEndingLeaderboardDone,1
profileChangePhoto,1
bannerClicked,1
round_failed,1
collectHelpBarReward,1
leaderboardProgress,1
rebuild,1
completeTutorialStep,1
deck_update,1
dojo_defender_team_update,1
beginMatchmaking,1
mobileLegacyEvent,1
ftue_21,1
levelUpFighter,1
interact,1
funnelNewUser2Regeneration,1
marketListItem,1
matchmakingStateChanged,1
total_cash_spent,1
userActionsBySessionCaring,1
adConsentAccepted,1
weeklyCategoryStarted,1
dailyBonus,1
dialogStart,1
press_button_play,1
pushAcceptancePopupButton,1
tutorialAvatarCustomizationEnd,1
itemPurchase,1
workoutResumed,1
session_start,1
user_info,1
advertising,1
tokenDelete,1
powerUpPurchase,1
kingdomFortressSwapIn,1
clickOnPalace,1
powerUpCount,1
shareStarted,1
challengeTaskGenerate,1
clientLeft,1
get_level,1
scene_switched,1
trackInitialCodeFlow,1
ongoingFtuxStep,1
uI_scene_nav,1
gameplay_level_up,1
adInterstitialDisplayed,1
autoComplete,1
challengeTaskCompleteFirst,1
aaWrappedEvent,1
friendInviteCancelled,1
virtualTransaction,1
testroomQuestionPlayed,1
showWindow,1
skip_task,1
presentTutorial2,1
googleAnalyticsAttribution,1
gachaDone,1
cameraSnap,1
tapFbLoginBtn,1
loot,1
inviteFriendHome,1
at_complete_building_task,1
messageHistoryPull,1
launcherGetClientInfoStep,1
purchaseItem,1
show_advertisement,1
catBellsStore1,1
bingoClaim,1
chestAction,1
friendMatchRequest,1
rateClick,1
exhibitUpgraded,1
petLevelUp,1
shareVideoOpened,1
connectionStepSyncGroups,1
guildCreate,1
sweep_guessed,1
cleanUp,1
notificationsPromptDeclined,1
broadcastFinished,1
profileChangeName,1
mainEventStart,1
assetBundleError,1
refillFood,1
assetBundleCategoryLoadStarted,1
seenGacha,1
youthSearch,1
quizAnsweredByFriend,1
get_exp,1
at_spend_gold,1
itemInteraction,1
perder_novia,1
gamemap1,1
progressionCompleteShare,1
sendChatSticker,1
missionStarCriteria,1
hobCompleted,1
v3SecurityLoginFailure,1
airEntered,1
beginChangeSummonersPowers,1
webprocess_pre_race_page,1
cozCard,1
funnelIntroComic,1
crosswordWordUncompleted,1
cookieCollected,1
timeTrialNewRecord,1
jobExtention,1
saveCutscene,1
battleAborted,1
stickerCollected,1
giftinginboxpopupaccepted,1
setAppProfile,1
bxArenaSelect,1
interstitialAdsClick,1
invite_accepted,1
objectiveCompleted,1
ftue_18_A,1
cxMissionCompleted,1
thiefDeath,1
skipFirstTutorial,1
debrisRemove,1
quizDelete,1
trainingStarted,1
stageTimeout,1
playerInZone,1
aaVisitProfile,1
at_add_new_trash,1
leagueLevelUp,1
collect,1
profileUpdated,1
hexagonShare,1
endFtue,1
testStarted,1
comicCreated,1
contestSummaryScreen,1
video_ads_saga,1
cancelFbInvite,1
pgVaultUnlocked,1
facebookLikeButton,1
rewardedShareSent,1
marketPurchase,1
takeBack,1
roshanKilled,1
appLogin,1
quizNextQuestion,1
secondSaveGameFailed,1
select_lighting,1
soft_currency_spend,1
guildKicked,1
continue_saved_game,1
testTimeout,1
joinedCrew,1
f3v3_mm_time,1
advertMoreInfo,1
attackNPC,1
subscription_purchase_completed,1
gameplay_disk_rank_inc,1
at_complete_achievement,1
reportSent,1
retention,1
sideQuestStarted,1
acceptNotification,1
reguralLogin,1
otherResourcesGotPhotoFromFacebook,1
crash,1
subscriptionStatus,1
guildRejected,1
spawnAtDropPoint,1
tournamentStarted,1
playerTraining,1
userIDChangedFrom,1
applicationFocus,1
quizMyStats,1
startMatchWithCard,1
transactionFail,1
analyticsInitialised,1
recompensa_ranking,1
connectionAttempt,1
gameCenterConnect,1
select_ice,1
at_start_campaign,1
at_create_port_sale,1
adProposed,1
takeTurn,1
round_start,1
profileUnfollow,1
core_player_ids,1
ftue_17,1
localPushCanceled,1
playerDetailsUpdated,1
funnelIntroLevelUp,1
field_enter,1
creditsRemoved,1
palringoRegistration,1
videoUploadPressed,1
raceSummary,1
advertViewed,1
err,1
changeTheme,1
onDeath,1
skinSelected,1
gameplay_continueMission,1
generatorUpgrade,1
notificationTokenAdded,1
leaveSession,1
userLogIn,1
video_watched_cook,1
coupons_currency_spend,1
coins_in,1
at_receive_token,1
at_delete_order,1
onPlayerProgressLaunch,1
abilitiesLevel,1
adStart,1
challengeReachMilestone,1
at_receive_money_real,1
featureIntroductionChainVersion,1
dailyRewards,1
buyShopOffer,1
playthroughEnd,1
economyAssigned,1
tutorialHangar,1
training_L50,1
ftue_26,1
bannerViews,1
qs7_mm_time,1
press_button_holly,1
askForAppRating,1
shippingInfoAdded,1
facebookAttribution,1
coinCollection,1
onPlaceSessionMarker,1
sweep_displayed,1
connectionStepRedirection,1
perder_sponsor,1
questUnlocked,1
tapLoginLaterBtn,1
purchaseRequest,1
cameraMulti,1
pushNotificationResult,1
load_skipped,1
universeProgress,1
enterShop,1
environmentDeparture,1
at_tap_use_ruby,1
menuEnterPlayNow,1
funnelNewUserWatchMatch,1
battleRound,1
ftue_24_A,1
sharedPuzzleTab,1
smoothieProduction,1
inviteCodeShared,1
interstitialAdsClose,1
assetBundleVariantSelected,1
clickRightArrow,1
challenge_sent,1
resourceSinkSpent,1
kill_monster,1
clickAd,1
groupJoinSuccess,1
packPurchased,1
rushWithPC,1
applicationBarBack,1
createSessionAttempt,1
gacha_free_1,1
notification_launch,1
economy_iap_validation_flow,1
dailyChallengeReset,1
at_start_drag,1
connectionStepSyncMessages,1
dialogCompleted,1
clanApplyJoin,1
localPushSet,1
unlock_card,1
treatmentHelpDonate,1
userDeclinedToRate,1
at_click_on_GC_leaderboard,1
leaderboardAll,1
endDailyEvent,1
powerupUsed,1
square_account_linked,1
facebookInviteSent,1
unlockChestSlot,1
published_5_9_quizzes,1
createQuestionTimerConfirm,1
uI_open_notification_popup,1
guildGiftRequest,1
sharedOnFacebook,1
training_L10,1
accountCreated,1
uiPromoClick,1
cruiseShipDismiss,1
gameplay_name_choose,1
buildTheMapAborted,1
playerHitsTarget,1
match_Start,1
broadcasterQuit,1
economy_fans_earn,1
optionsTabMyProfile,1
quizEdited,1
setGender,1
shoot_holy,1
delayedGiftTrigger,1
garage_Rotate,1
initialization,1
systemOptions,1
systemNetworkSlowConnectionOff,1
economy_iap_cancelled,1
connectionStepFinishHandshake,1
iap,1
leaderboardShareAll,1
launcherGetUserProfileStep,1
scenarioStarted,1
clubLeft,1
tutorialFight1,1
toolDashUse,1
cookieDrop,1
share_canceled,1
leaveRoom,1
resumeAttempt,1
fight_end,1
match_result_tap_info,1
starterBuyCheaper,1
lifeRequested,1
levelMastered,1
challengeEventCompletedPopup1,1
buyingTwoEpisode,1
economy_hc_earn,1
downloadStart,1
at_token_send,1
at_storage_overflow,1
rating_given,1
songListPlay,1
ftue_6,1
leaderboardSwitched,1
otherResourcesCancel,1
disappearingStaff,1
dailyRewardSpin,1
newDevice,1
vcSubTransaction,1
stat_upgrade,1
connect_fb,1
collectionLike,1
takeMoment,1
gameModeChange,1
assetBundleCategoryLoadCompleted,1
craftInstant,1
videoAdWatched,1
songListRewind,1
battleOpponentLeave,1
at_init_order,1
myQuestionsBookmarks,1
matchMakeEnd,1
createQuizQuizTypeConfirm,1
coins_out,1
launcherCheckTrialStep,1
webprocess_registration,1
cruiseShipComplete,1
at_click_on_friend,1
exceptionLog,1
at_share_screen_facebook,1
extractItem,1
press_button_main,1
exChatBot,1
blockUnlock,1
itemPickUp,1
firstSkin,1
promoVideoClicked,1
kawaiiSelected,1
ftue_24_B,1
reconnectBattle,1
tutorialBossFight,1
addAFriend,1
palringoResume,1
dialogCurrencyChoice,1
halfTimeManagementClicked,1
pgBattleTied,1
clickOnBuy,1
socialConnection,1
uiOfferwallClick,1
firstIllnessPurchase,1
aaCouponActivate,1
field_retire,1
missionSuceeded,1
botCommand,1
gameAccountSwitch,1
storeRivalsUpsell,1
friendRequestAnswer,1
quest_begin,1
storeEntered,1
get_energy,1
homescreenTabScrollToCamera,1
errorOccurred,1
watchCoinVideo,1
influenceAdd,1
caring,1
life_full_refill,1
pgsAccessTokenExpired,1
incentive,1
setLocale,1
at_auto_hide_quest,1
powerupShieldUsed,1
navigationItemViewed,1
settingsSubpanel,1
eventButtonImpression,1
soft_currency_recieved,1
boughtBottle,1
install,1
marketStats,1
timeTrialAbort,1
hint,1
sellItem,1
cashInjection,1
publicChatOpened,1
at_complete_order,1
scoreSliderImpression,1
aboutPopup1,1
material_added,1
createQuizDone,1
adInterstitialClicked,1
assetBundleFinishDownloadFromWebOperation,1
ftue_4,1
sharedOnTwitter,1
averageFps,1
tutorialFight4Win,1
pgsConnectFailed,1
nuevo_sponsor,1
pvp_mm_time,1
ftueLevelLoaded1,1
pirata,1
ylandDeleted,1
close,1
buy,1
cross_promotion_hollywood_shown,1
challengeWon,1
challengeEventFailedPopup1,1
shoot_pistol,1
check_stats,1
onNewInventoryItemAcquired,1
missionSummary,1
gacha_free_2,1
email,1
animation_used,1
searchPressedSearchButton,1
ads_video_ad_watch,1
onLeaveArea,1
blackmarketPrompt,1
energyStatus,1
createQuestionTagsConfirm,1
scenarioEnded,1
arExit,1
playerKillBot,1
questionEntered,1
friendVisited,1
uiEvent,1
currencyUpate,1
prizeCollected,1
at_start_building_fail,1
universePlay,1
userIDChangedTo,1
matchCompletedFinalScore,1
clubSearch,1
clientJoined,1
v3ConnectionSuccess,1
prizelineBonusGained,1
blockPurshase,1
sideQuestCondition,1
fuel_Purchase,1
gems_in,1
gameplay_activity_start,1
gameModeSelected,1
curatedTutorialComplete,1
logEvent,1
sellDecorItem,1
majorChoices,1
kingdomMineCollected,1
videoChoices,1
pgsHack,1
submitPasswordButton,1
crosswordClueClicked,1
ftue_10,1
new_user_profile_interaction,1
collectWinning,1
invite_by_sms,1
essence_in,1
stageAborted,1
perder_preparador,1
gameplay_getback_npc,1
heroKilled,1
watchedContinueAd,1
removeItem,1
adComplete,1
curatedQuizAnswered,1
challengeDone,1
militaryActivity,1
facebookSendLives1,1
connectivityStatus,1
ftue_30_B,1
otherResourcesNavigateMyWafflePhotos,1
userInfo,1
boostBuy,1
equip_item,1
onEnteredAir,1
video_watched_craft,1
addedDLC,1
mode_begin,1
dialogSkipped,1
locationSet,1
mainEventQualified,1
kingdomUpgrade,1
safeAdReward,1
socialDisconnected,1
gameResultButtons,1
at_tap_campaign,1
inventory_item_added,1
unbookmarkFriend,1
onKeyDecision,1
onEnterArea,1
tablet_page_selected,1
hexagonLike,1
helpshiftSessionEnded,1
facebookChallengeInvite,1
cxVictory,1
signed_up,1
customize,1
changePet,1
socialReport,1
appLoadScene,1
loginPreloaderInitaite,1
qualityWarningPopupShown,1
gameplay_catchFish,1
inventoryChange,1
advertisingIdentification,1
guildGiftGive,1
endingUnlocked,1
appLoadBalanceData,1
contestEnd,1
exFolder,1
nueva_novia,1
zonePurchase,1
press_button_options,1
storyCareerStart,1
tournamentClaim,1
settings1,1
visitMarketing,1
fortressSwapIn,1
life_single_refill,1
power,1
gameScreen,1
userNameSet,1
performance_ended,1
gacha_open,1
coin_Purchase,1
sideQuestFailed,1
playerMultiHit,1
pushNotificationsEnabled,1
rewardForShare,1
fruit_prod,1
auctionHouseEvent,1
economy_energy_purchase,1
pvpDeclined,1
openQuestLog,1
economy_hc_spent,1
advisorsSelected,1
minigameLost,1
facebookInviteTracker1,1
funnelNewUser2Level7,1
friend_request_accepted,1
diary_sms,1
createQuizRevealConfirm,1
quizCreateStarted,1
friendInviteRejected,1
videoAdNoMoreVideo,1
friends_5_9,1
social_login,1
freeCoinsAwarded,1
initialCharacterSelect,1
createQuestionAnswerConfirm,1
profilePlay,1
reparar,1
claimBag,1
traderRestock,1
notEnoughCurrency,1
runEnd,1
meleeTerrainSmash,1
quizEndingStatsNext,1
notificationOpen,1
premium_currency_collect,1
gameplay_collect_daily_reward,1
promoVideoEnded,1
sessionEnded,1
rankUpLog,1
abTest2,1
reached_level_5,1
pgVaultOpened,1
thiefEscaped,1
economy_sc_spent,1
contestNotFilled,1
f2v2_mm_time,1
modAttach,1
unlockXbitSlot,1
saveCareer,1
changeScreen,1
sharedQuiz,1
block1Build,1
craftWorkstation,1
achievement_complete,1
storeTab,1
accesoryUpgrade,1
applicationMatched,1
friendInviteSent,1
cloudConnect,1
oaBuildCommand,1
gacha_free_3,1
interstitialAdsAppear,1
creditCardAdded,1
miniGameLevelUp,1
photosAdded,1
inbox,1
aaDeleteRoom,1
poolUsage,1
rangedDraw,1
qs6_mm_time,1
missionCompleted1,1
attributeUpgraded,1
energy_using,1
buyingFailed,1
serverAssert,1
enableFlashlight,1
awardsScreen,1
loadingStarted,1
userSignedUp,1
firstiap1,1
gameplay_activity_complete,1
mode_end,1
internalBannerClicked,1
double_hint,1
dialog_invoked,1
openedPackSelectPushNotificationSlideout,1
playerCastSpell,1
backtalk,1
hurryUpgrade,1
gameplay_brokenFishingLine,1
shareQuestionFacebook,1
modalScoreShare,1
emoteUsed,1
save,1
gameplay_car_travel,1
nameChange,1
machineOpened,1
levelGoal,1
userActionsBySessionOrder,1
ftueTutorialPopup1,1
challengeCreated,1
creditsAdded,1
videoAdClick,1
currentPlayedGame,1
equipInfo,1
removeTrash,1
saveMyWWE,1
abTest1,1
testCompleted,1
achievement_get,1
first_2_matches,1
tapjoyPressed,1
joined_room,1
game_Start,1
joinSession,1
cameraSingle,1
onStoreEnter,1
exp_start,1
emailVerificationSucceeded,1
playTackleCard,1
gameAccountLinked,1
ppvStart,1
guildDonate,1
barberShopUsed,1
vaultUnlocked,1
rateGame1,1
revive,1
ylandModified,1
heyzapFetch,1
cofre_gratis,1
cardDeck,1
ftue_25,1
pushMessageReceived,1
at_get_user_level,1
stadiumUp,1
levelButtonPressed,1
platformConnected,1
newIAP,1
userActionsBySessionSocial,1
jobRequirements,1
objectPurchaseShop,1
timeTrialNoRecord,1
popupClosed,1
cardUnlocked,1
lifeGiftRequested,1
guildGiftCollect,1
iappress,1
approveJoiningClan,1
replay,1
salesPurchaseButton,1
clothDress,1
floraClick,1
menuEntered,1
gameEnd,1
onLanded,1
sendFbInvite,1
learnCoachSkill,1
lifeGifted,1
safeOpened,1
press_button_lighting,1
wishGranted,1
shrineHarvest,1
tutorialWalking,1
showStarted,1
at_post_facebook,1
challengeLost,1
highlighterUsed,1
notificationsOpenedFromSidebar,1
gameplay_quest_start,1
at_get_daily_bonus,1
cruiseJobHelpOther,1
heroBuy,1
ftue_12_A,1
openBag,1
gameStarted3,1
profileUnfriend,1
pxGating,1
keysGateRequested,1
saveReplay,1
soloStackClear,1
userActionsBySession,1
challenge_accepted,1
commentEnteredByFriend,1
cross_promotion_completed,1
interstitialVideoWatched,1
storyEnded,1
transactionClient,1
testAborted,1
sBroadcastCreated,1
oaTutorialStepAdvance,1
friend_3v3_action,1
sound_on,1
specialItemPurchase,1
aaLikeProfile,1
selectAvatarItem,1
leaderboardTab,1
userActionsBySessionFactoryCrop,1
achievementAwarded,1
realPurchase,1
create_relict,1
guildRequest,1
panelRotated,1
invite_sent,1
sideQuestCleared,1
vaultOpened,1
combo_ho,1
ftue_20,1
currencyChange,1
statisticsView,1
songListInfo,1
spinOpponent,1
at_end_drag_complete,1
levelLost,1
gameplay_clothes_change,1
ftue_27,1
stageStart,1
press_button_more_gold,1
removeAFriend,1
eventopened,1
errors,1
acceptNotifications,1
adPrompt,1
viewCap,1
bag,1
inventory_item_removed,1
levelOpened,1
contestSubpanelInfo,1
disableFlashlight,1
cycleEnded,1
hurryBag,1
ftue_18,1
celebrity_2_Picked,1
createQuizOrderConfirm,1
exitShop,1
orderGenerated,1
popupOpened,1
challengeEntered,1
at_start_quest,1
quickMatchStarted,1
friendDeleted,1
social_links_chips_rewarded,1
onTutorialLaunch,1
increaseXP,1
commentposted,1
appStateChange,1
buyEnergy,1
testGroup,1
finish_craft,1
mixtape_listened,1
chat_challenge_match_timeout,1
levelProgress,1
uiscreen,1
inventoryUpgraded,1
earnedSwaps,1
aaSendGreetingAnswer,1
gameplay_feed_read,1
gameplay_wardrobe_professional_bonus,1
jugada,1
minigameCompleted,1
at_start_open_terrain_area,1
myPlayerStars,1
subscriptionCancelled,1
economy_energy_spent,1
aaReportUser,1
continueCompleted,1
press_button_fbsmall,1
loadLevel,1
tutorialFightPvP,1
resolvedAirplayHowToPopup,1
casEditorExit,1
tutorialStep2,1
meteorsBoughtWithStardust,1
createWallpicsPressed,1
enterGameViaNotification,1
openURL,1
sessionLogout,1
shareCompleted,1
readMessage,1
customTransaction,1
cameraBack,1
tutorialPickName,1
lrUiEvent,1
renovate,1
moveBuilding,1
doneGameOver,1
fbConnect,1
emoji,1
challenge,1
switchAccount,1
unlock_character,1
battleFlipSideWithFlag,1
socialLike,1
auth_event,1
currencyEarned,1
commentEntered,1
fullTutorialComplete,1
missionObstacleKill,1
rewardSlingshot,1
chat_Expand,1
scheduledDataReport,1
searchResult,1
playerBought,1
init,1
crit,1
collection_item_added,1
iapPurchaseComplete,1
catBellsSpent1,1
tutorialBackToMenu,1
keyboardDrag,1
zombieKilled,1
cozCombatStarted,1
equipar,1
createQuestionAnswerTypeConfirm,1
balanceChange,1
badge,1
guildLeagueResult,1
stageStoped,1
downloadProgress,1
launcherLaunchStep,1
starting_game,1
shareImpression,1
spinGifted,1
environmentSelected,1
firstPartyLogin,1
matchMakeStart,1
resigned,1
coinLimitIncreased,1
battle_qte_failed,1
appLogout,1
go_to_shop,1
bingoRewardReceived,1
app_Launch,1
action,1
stadiumDown,1
kittySkinStore1,1
appLoadSave,1
facebookInvite1,1
ftuePresentGameResult,1
leaderboardSessionTime,1
gameplay_new_romance_contact,1
clanKick,1
cross_promotion_hollywood_skipped,1
giftingsendbombspopupaccepted,1
switchUserAccepted,1
oaFactoryUnloadCommand,1
interstitialClicked,1
playerKillMachine,1
groupJoinFailed,1
endBundleLoad,1
setCheckpoint,1
notificationPushOpened,1
storeSearch,1
broadcasterReturned,1
playerKill,1
productClicked,1
downloader1,1
cambioAspecto,1
cancelPvPInvt,1
songFailed,1
questComplete,1
userAction,1
registration_complete,1
createChallengeChooseFriendsConfirm,1
onDLCCheck,1
testRoomQuiz,1
promoCodeRedeem,1
lootAwarded,1
gameMatrixOpened,1
boughtCoins,1
gameOverViewResult,1
at_complete_quest_name,1
fail_ho,1
resourceSourceGained,1
useSwap,1
returningScreen,1
chat_challenge_accepted,1
press_button_accuracy,1
paywallEnded,1
mysteryBox,1
at_error_message,1
essence_out,1
missionSkipped,1
expozitionEnd,1
highScoreAchieved,1
joinCoalition,1
ftue_Start,1
userRegistered,1
reached_level_3,1
battleTied,1
roundDeath,1
social_logout,1
marketingKeyUpdated,1
field_exit,1
collectRandomDrop,1
forgotPasswordButton,1
gameFlow,1
questTaskCompleted,1
buyingSucced,1
ftueFreeBellsAcknowledged1,1
cofre_hucha,1
meleeAttack,1
palringoLogon,1
achievementProgression,1
sceneLoaded,1
eventSignUp,1
skillUsed,1
dailyBonusCollected,1
ftueFinish,1
aaBasicInfo,1
shoot_laser,1
pgBattleLost,1
hobRankUp,1
dailyMissionLaunched,1
adsInterstitial,1
setupEventTrigger,1
sessionRestart,1
proBuyOffer,1
funnelNewUserJoinClub,1
press_next_level,1
sharkCardRedemption,1
userSignOut,1
measurePageView,1
purchasePrompt,1
visit,1
dv_videos,1
start_craft,1
at_upgrade_building,1
reached_level_15,1
endgame,1
applicationDequeued,1
saveArena,1
deviceRestriction,1
trainingCamp,1
setHotbar,1
inAppPurchase1,1
travel,1
branchAttribution,1
acceptVillageBrawl,1
createChallengeOpponentTypeConfirm,1
inviteCodeEntered,1
boost,1
dailyQuestComplete,1
salesPopUpImpression,1
phoneCallResult,1
pvpInvited,1
advancedSettings,1
appLoadSuccess,1
storeURL,1
dailyReward,1
repetir_jugada,1
playlistRemove,1
registration_requested,1
subscription_purchase_started,1
treePortalHarvest,1
openedNotificationRequestPopup,1
chatMessage,1
endBattleDiagnostics,1
registerZing,1
challengeTimeout,1
interstitial,1
haveFunPopup1,1
chat_challenge_match_cancel,1
emoji_used,1
chatMessageSent,1
newUser,1
missionCreated,1
select_bomb,1
oaTutorialStepComplete,1
partyCreated,1
buyoutCoolDown,1
saveUniverse,1
questionBookmark,1
gameplay_new_prof_contact,1
heyzapRequest,1
favouriteAsset,1
cruiseJobAskForHelp,1
complete_ho,1
sBroadcastStarted,1
awardLootBox,1
sacrificeSelection,1
infinityCategoryUnlocked,1
kingMissionCompleted,1
at_start_building,1
beginBattle,1
funnelNewUser2Home,1
webprocess_login,1
at_watch_reward_video,1
ball_unlock,1
clanLeave,1
beginPromocodeActivation,1
offeredReview,1
ftueUseRainbow1,1
addItemCount,1
sBroadcastFinished,1
publishMap,1
newRateGame,1
supplyInfo,1
economy_wardrobe_purchase,1
appOpened,1
aaRegistrationDevice,1
at_finish_loading,1
carperItemSelected,1
clubActivated,1
match_Finished,1
attachXbit,1
rateLater,1
openChestElite,1
missionProposed,1
respondToFriendInvitation,1
hideAlert,1
chatSendMessage,1
coreTutorialFinished,1
adventureUseHelp,1
adReward,1
startRhythmRacket,1
puselect,1
guildEventBadgeEarned,1
dailyGift,1
firstSaveGameFailed,1
mapStarted,1
shards_out,1
guestLogout,1
ftue_3,1
fightSession,1
mutationReset,1
broadcastStarted,1
press_button_fire,1
playerStand,1
perder_agente,1
beginDailyEvent,1
hexagonTag,1
steal,1
cameraReshoot,1
createChallengePlay,1
session,1
missionOpened,1
selectLobbyHero,1
leaveBattle,1
screenShow,1
offerWallCoinsRewarded,1
adInterstitialDismissed,1
purchaseCoins,1
fbInviteForSlams,1
askFriends,1
missionComplete,1
giftinginboxpopup,1
pressedAskMeLater,1
openBuyPanel,1
appLoadExperiments,1
ftue_18_B,1
upgradeClubBuilding,1
interstitialAdClick,1
createQuestionRevealConfirm,1
rewardedAd,1
restoreenergypress,1
photoTaken,1
ftue_14,1
skipDelayTimer,1
exp_gained,1
sompSessionCreated,1
guildEventEnd,1
setPopInAd,1
fight_begin,1
pvpBattle,1
userCampaign,1
toolShieldUse,1
gameplay_wardrobe_romance_bonus,1
skinsShop,1
introEnd,1
tokenSpend,1
framerate,1
settingsFTU,1
cruiseJobComplete,1
playerReachesStreak,1
proSpecialpack,1
gameplay_exitMission,1
goToSymptomState,1
applicationEnqueued,1
chests_out,1
roundExpired,1
pauseMenu1,1
launcherShowLaunchOrBuyStep,1
loginUserDataLoaded,1
load_symbiotix_logo,1
onDLCPressBuy,1
starterBuyElite,1
outOfLivesPopup,1
ftueFirstShot1,1
signup,1
qs3_mm_time,1
downloadComplete,1
createQuizTagsConfirm,1
invite_by_email,1
diamondToGold,1
tutorialCharacterSelected,1
engageMessage1,1
searchSwitchToQuizzes,1
connectionStepEstablishConnection,1
purchaseExpansion,1
aaLogout,1
pxNotif,1
tutorialFinish,1
quizSkipped,1
openPage,1
beginTutorialCp,1
at_init_bank_source,1
prizeTentBoxOpen,1
ftueClickOnBingo,1
cozManagement,1
saveShow,1
shareQuestion,1
missionRewarded,1
orientation_event,1
share_snapshot_taken,1
sidebarFriends,1
beginBattleLobby,1
slotSpinSummary,1
suspend,1
joinRoom,1
uiEnterScreen,1
viewProfile,1
dressingRoom,1
questionRemix,1
bountyTracking,1
buy_knight_archer,1
app_event,1
endPromocodeActivation,1
freekick,1
accountDeleted,1
gameplay_queststep_skipped,1
createQuestionNumPicturesConfirm,1
startNewAccount,1
ftue_16,1
user_wallet,1
performance_uploaded,1
endGamePopUp,1
contestCompleted,1
connectionStepResumeConnection,1
press_button_pause,1
ftue_12,1
plantFreeThought,1
pvp_timeout_action,1
level_up,1
tool10Use,1
funnelIntroRegistration,1
lifeGiftedReciprocal,1
character_selected,1
lifeButtonPressed,1
iapcomplete,1
saveVideo,1
upgradeCousin,1
quick_play_game_1,1
assetBundlePreload,1
dieBomb,1
aaUserInfo,1
testroomQuizPlayed,1
ftue_23,1
vaultCollected,1
openUrl,1
contestSubpanelCentral,1
sound_off,1
matchCompletedPossesion,1
episodeFinished,1
celebrity_1_picked,1
avatarSelection,1
published_10_quizzes,1
adsBanner,1
scoreSlider,1
toolTeleportUse,1
at_start_building_contract,1
at_token_bought,1
tutorialUpdate,1
upgradeCoachBuilding,1
safeBeginTimer,1
boostEnd,1
mainMenuAction,1
sellingFruit,1
scratchCard,1
userSignup,1
achievementClaim,1
pickCard,1
pgBattleWon,1
casEditorEditNum,1
startFunctional,1
quizLeaderboard,1
broadcastQuitForced,1
openXbitSlot,1
playmaker_fsm,1
connectionStepSigningIn,1
ftueTutorialAbandoned,1
skipLevel,1
getReward,1
photonDisconnectError,1
adAttributionAnonPlayer,1
recompensa_agente,1
facebookLogout,1
marker_downloaded,1
unequipAsset,1
launcherSelfUpdateStep,1
firstSkins,1
cookieMerge,1
boostRequested,1
maternityLevelUp,1
termsAndConditionsDecline,1
skipOnboarding,1
orderDiscarded,1
pack_config_loaded,1
quickMatchCompleted,1
appStart,1
gameRemoved,1
progressionLevel,1
connectedToPalringo,1
weaponLevelUp,1
chatSent,1
disconnectBattle,1
failedIAP,1
hostMatchComplete,1
numberOfBuildings,1
contentDownload,1
tutorialFight4Lose,1
mediaActivity,1
presentTutorial1,1
otherResourcesGotPhotoFromAlbum,1
videoSeen,1
localNotifications,1
statUpgraded,1
exp_end,1
ftueBellsCollected1,1
activateTree,1
attack,1
tool1Use,1
rivalsMissionCompleted,1
tapButton,1
pvpCompleted,1
onboardingChoice,1
clanDeclineJoin,1
act,1
bookmarkFriend,1
funnelIntroMatch,1
shopHC_Use,1
chat_challenge_rejected,1
timeTrialStart,1
myPlayerPrestige,1
storeNavigation,1
clanJoin,1
friendRequestReceived,1
attrAdd,1
notificationsPromptViewed,1
jobCompleted,1
callAPI,1
leaderboardGoldLeagueUnlocked,1
profileViewed,1
ftueMapLoaded1,1
otherResourcesNavigateAlbum,1
proBuy,1
free_cash_earned,1
termina_torneo,1
fuelOptions,1
newGameID,1
battleStartLog,1
gameplay_quest_finish,1
blitzOff,1
shopClick,1
tutorialFBLogin,1
adAttribution,1
helpshiftSessionBegan,1
toolShoot10UseInActivity,1
startMatchWithPlayers,1
missionSpawned,1
shopClicks,1
ftue_body_travel,1
shrineLevelUp,1
innowave_store_purchase,1
premium_currency_spend,1
rematchAccepted,1
callSupport,1
at_start_city_name,1
activateFever,1
upgradeProduct,1
facebookLoginGiftCollect,1
myQuestionsQuestion,1
quizQuestionAnsweredCorrect,1
at_complete_tutorial_step,1
funnelIntroTitle,1
press_button_strength,1
rateNotNow,1
tagUsed,1
inactivePeriod,1
pressedNoThanks,1
rewardedVideoAd1,1
collectProduct,1
soft_currency_collect,1
mowEnd,1
startQuarkJob,1
storyAbandoned,1
heyzapShowResult,1
challengeStart,1
emailVerificationFailed,1
collectPetBond,1
socialAction,1
verificationSuccess,1
videoAdWatch,1
launcherCheckLoginStep,1
iapPurchaseInitiated,1
playerSold,1
onboardingStepCompleted,1
welcomeBonus,1
userUpdated,1
profileConnectToFacebook,1
keyEarned,1
getDailyReward,1
hexagonRemix,1
winPrize,1
press_button_twitter,1
onPuzzleCompleted,1
friendRequestAnswerReceived,1
trainingEnded,1
socialSharePlayerTitle,1
unlockSlammer,1
entityDeath,1
mmButtonPress,1
facebookConnectionFailed,1
pvpInviteExpired,1
startBuddyBall,1
funnelIntroSplash,1
songChoices,1
opponentDefeated,1
createQuestionMisleadingConfirm,1
storeClose,1
gameZoomOpened,1
gacha_ftue,1
oaDisbandFleetCommand,1
clanPartyJoin,1
buyBingoCard,1
play_game_success,1
economy_energy_earn,1
lifeGiftConsumed,1
contestStarted,1
saveHighlight,1
myPlayerProgress,1
animalDeath,1
cxEquality,1
createMyPlayer,1
lifeReceived,1
guildReplay,1
gameOverAccepted,1
ads,1
playerSuperballHit,1
visitedWizard,1
chipCollected,1
recommendedQuizzesQuiz,1
acceptMatch,1
facebookConnectionSucceeded,1
openLootChest,1
outpostConstructed,1
applyForJoiningClan,1
connectionStepSyncContacts,1
funnelIntroLogin,1
endFacebookConnect,1
playerInfo,1
qs1_mm_time,1
soloSlamResult,1
adButtonClicked,1
onApplicationPause,1
funnelNewUserSuggestLineup,1
video_watched,1
equipAsset,1
withFriendsTutorialComplete,1
toolShoot100UseInActivity,1
skinBuy,1
sponsorGame,1
gameStateNil,1
gameZoomSwitched,1
roomCreated,1
fightSummary,1
puzzleSkipped,1
outOfLives,1
slotBag,1
reached_level_10,1
videoAdFinished,1
mastery_update,1
seaEntered,1
adClick,1
userWeeklyScore,1
userActionsBySessionDeco,1
carrera_borrar,1
ftue_13,1
authenticated,1
lockedFeature,1
ftue_19,1
rockstarAccountUpdated,1
goalMissed,1
broadcastEntered,1
bubbleImpression,1
createEntrance,1
enterRoom,1
localnotif,1
onTimeSinceLastSession,1
recompensa_cupon,1
mapChange,1
playShotCard,1
at_show_quest_tip,1
initIAP,1
questExpired,1
bag_collect,1
leaderboardClose,1
assetBundleLoadsCompleted,1
tutorialFight3,1
traspaso,1
keys_out,1
setCharacterShape,1
levelAbandoned,1
ftue_1,1
endFacebookInvite,1
qs2_mm_time,1
headshot,1
useraccountdata,1
createQuestionQuestionConfirm,1
boostReceived,1
purchaseSuccess,1
facebookLogin1,1
powerupSloMoUsed,1
score_wts,1
shoot_fire,1
paywallStarted,1
accesoryEquip,1
placeBlueprint,1
workoutStarted,1
rangedRelease,1
facebookPromptViewed,1
sendParty,1
gameplay_exhausted,1
endAfk,1
transferMade,1
guildGiftComplete,1
itemUnpack,1
groupJoin,1
notificationLocalOpened,1
meteorPopped,1
phoneCallAnswer,1
sideMenuOpened,1
challengeTaskComplete,1
waitPlayersTimeout,1
quizEdit,1
guildActionOther,1
press_button_resume,1
campaign,1
continue,1
blitzOn,1
song_started,1
activatePWsPressed,1
teamLevelUp,1
tutorialWelcome,1
quizPlay,1
csCreditSuccess,1
userWantReminderToRate,1
delayedGiftCollect,1
storyCareerEnd,1
select_laser,1
moveFortress,1
challengeTaskDiscard,1
interstitialLoadFailed,1
arEntered,1
bubbleShooterLevel1,1
screen_loaded,1
songPlayerNavigation,1
minigame_complete,1
chat_friend_request,1
tool100Use,1
lifeSent,1
userLoggedInFacebook,1
instantEquip,1
settingsSound,1
newClub,1
newQuizzesQuiz,1
gameplay_apartment_customization,1
onCriticalFPS,1
training_L30,1
missionObstacleImpression,1
presenceChanged,1
currecncy_pack_purchased,1
safeReceive,1
funnelNewUserHome,1
shareCancelled,1
achievementSuccess,1
activityStart,1
invite_by_fb,1
gameSessionLength,1
connection_problem,1
otherProfileOpened,1
guiButtonClick,1
at_receive_exp,1
spinRoulette,1
guildLeave,1
saveChamp,1
mailboxCollect,1
viral_share,1
press_button_shop,1
customADServed,1
hexagonReport,1
dailyChallengeComplete,1
gameShutdown,1
backpack_item_removed,1
profile,1
chosendateevent,1
firstPersonThrown,1
chat_expand_on_profile,1
salesMapButton,1
termsAndConditionsAccepted,1
inviteOverPlayer,1
showCompleted,1
purchaseFailed,1
gameplay_throwFishingRod,1
skipRocket,1
ftue_7,1
watchVideoAdvert,1
ftue_28,1
nameChoice,1
aaSendGreeting,1
pageHit,1
uiselect,1
gameplay_achievement_obtained,1
powerupSwarmUsed,1
at_finish_tutorial,1
playerInteraction,1
ftue_5,1
shoot_lighting,1
contestJoined,1
makePicksScreen,1
special_offer,1
taskFailed,1
townButtonClicked,1
clubNamed,1
beginConnectMeta,1
infinityChestEarned,1
resultsDailyContestPick,1
notificationAction,1
block100Build,1
aaLogin,1
cancelMoneytransaction,1
at_start_production,1
select_pistol,1
rejectJoiningClan,1
mowStart,1
unlockCap,1
ftueLevelCanComplete1,1
prizeSold,1
roadMapPreview,1
levelUpClient,1
levelEconomicsState,1
dialogPurchaseHardCurrency,1
aaRegistration,1
tutorialSkip,1
showMoment,1
videoAdClaim,1
itemUnlocked,1
systemNetworkSlowConnectionCancel,1
itemBuy,1
pressedReview,1
morteJogador,1
buyCoinsScreenSeen,1
missionIntroSkipped,1
createQuestionTimerTypeConfirm,1
tagsFollowingQuiz,1
at_tap_chest,1
multiplayer_duel_lost,1
press_button_connect_account,1
profileChangeBackground,1
setUserAge,1
storeWishlistAdd,1
coinShopButtonPressed,1
memoryStarted,1
bannerSelected,1
programmeTimeShift,1
matchMake,1
ecommerce,1
gacha_purchase1,1
load_bully_logo,1
panelTransition,1
chat_challenge_received,1
mobileLegacyEventJson,1
v3ConnectionFailure,1
stageFailed,1
questionDelete,1
firstTimeLogin,1
guildGiftExpire,1
playerCohortChanged,1
profileMakeFriend,1
clickLeftArrow,1
at_start_first_loading,1
field_get_a_boat,1
sessionSignup,1
hexagonUnlike,1
saveMoves,1
economy_sc_earn,1
heroGet,1
shards_in,1
uI_answer_notification_popup,1
millJobStart,1
load_dreamplay_logo,1
endTutorialCp,1
keys_in,1
gameplay_apartment_party_bonus,1
funnelNewUser2ChallengeQuest,1
achievementLog,1
cozCrash,1
boatUpgrade,1
endMatchmaking,1
songListAddSong,1
cxDefeat,1
pvpCancelled,1
gameplay_dialog_open,1
newStuffUnlocked,1
visitFriend,1
skillActioned,1
quizQuestionAnsweredIncorrect,1
quizQuitSave,1
validIAP,1
game_start,1
at_remove_port_sale,1
systemNetworkSlowImage,1
gameAccountRestore,1
addFavoriteTeam,1
enterGacha,1
achievementStarted,1
mailList,1
purchaseRoom,1
ftueVideoStarted,1
beginBundleLoad,1
loadCareer,1
economy_iap_started,1
cozHeroToCombat,1
appLoadServer,1
at_start_loading,1
rewardCoins,1
runEnded,1
playerDirectPurchase,1
v3SecurityLoginSuccess,1
eStoreVisits,1
localPushOpened,1
dailyDay,1
trophyAwarded,1
tutorialAim,1
placeAnimal,1
infinityKeyEarned,1
userUpdate,1
missionReviveImpression,1
equipSlammer,1
pveMissionCompleted,1
at_launch_app_from_push,1
itemUsed,1
powerUpCollected,1
barFilled,1
appSplashScreenStart,1
scenarioResumed,1
crashed,1
achievements,1
play_game,1
towerDestroyed,1
nicknameEntered,1
bingoBoostStarted,1
userActionsBySessionPack,1
runningEnded,1
clubCreated,1
declinePvPInvt,1
friends_1_4,1
songScored,1
groupCreated,1
tournamentMatchPlayed,1
ftueGenerosityAnimation,1
adRequested,1
clanNewLeader,1
newFacebook,1
press_purchase,1
collectionDislike,1
eventProgress,1
partyParticipantPhases,1
placeObject,1
shopUiPopup,1
switchGameLength,1
resolvedNotificationRequestPopup,1
soloStackCreate,1
gameAttributeUpdate,1
ftue_started,1
hireCoach,1
recoverTeamCondition,1
editDeck,1
getNotifications,1
timesUp,1
partyInvitationResponds,1
guestToFacebook,1
music_on,1
statue_upgrade,1
ftue_31,1
achievementRewardedLog,1
newGuest,1
rewardForInvite,1
helpFunctional,1
powerupRetryTimeoutClose,1
hexagonCollect,1
viewSet,1
oculus_device,1
press_button_hp,1
roulette_jackpot,1
funnelIntroDownloading,1
organisationLogin,1
dailyMissionRefreshed,1
symptomStatus,1
termina_evento,1
rvWatch,1
phoneCallRinging,1
ftue_11,1
challengeAborted,1
photonRoomError,1
match_Quit,1
facebookCancel,1
preferencesUpdated,1
ftue_22,1
everyPlaySocial,1
migrateAccount,1
optionsTabOpen,1
adjustWallpicsOpened,1
chooseGuestProgress,1
casWizardEnd,1
bonuses,1
switchUserCancelled,1
mystery_box_opened,1
at_receive_gold,1
upgradeFunctional,1
purchaseStoreApproved,1
buildTheMapSaved,1
goalScored,1
regAccount,1
reportUser,1
casEditorEnter,1
matchEventWon,1
buyingCancelled,1
gameSparksEventTiming,1
shoot_bow,1
symptomInfoState,1
clanAcceptJoin,1
matchEventDrawn,1
facebookConnectionAttemptStarted,1
unequip,1
toolShoot1UseInActivity,1
qs9_mm_time,1
crewCreated,1
leaderboardResult,1
press_button_ice,1
vip_tier_up,1
bingoCardCompleted,1
leaderboardFriends,1
receiveProgSafePoints,1
videoAdAppear,1
expozitionStart,1
clanDisband,1
friendRemoved,1
oaCompleteQuestCommand,1
continue_ho,1
onFatalError,1
matchOption,1
beginFacebookConnect,1
appLoaded,1
rating_given_performance,1
pgsSimpleSignupUpgrade,1
press_button_mana,1
resolvedNativeNotificationDialogue,1
core_login_flow,1
squareLanding,1
guildChange,1
useItem,1
interstitialDisplayed,1
level_complete,1
matAttribution,1
upgradePlayer,1
dailyLoginSpinPressed,1
funnelStep,1
saveVictory,1
createNewSnail,1
casEditorEditStr,1
heartbeat,1
boostSelected,1
playerDead,1
rateTheMap,1
saveCustomMatch,1
itemBorrowed,1
infectMorePeople,1
press_lasers,1
buyingOneEpisode,1
scoreFeaturesUpdated,1
configProfileName,1
shareVideoClick,1
tosPrompt,1
redeemBonus,1
profileFollow,1
graffiti,1
noAdsImpression,1
tutorialSkill,1
setLanguage,1
memoryCompleted,1
rockudramaChapterComplete,1
shareCancel,1
missionFailedReward,1
starEarned,1
roundPowerUp,1
jobActioned,1
currencyNotEnough,1
challenge_declined,1
v3WelcomeLoggedInUser,1
loginSuccess,1
playSlingshot,1
purchaseBag,1
kingdomFortressSwapOut,1
start_ho,1
socialComment,1
tutorial_finished,1
multiplayerConnectionLost,1
buildTheMapStart,1
tutorialEvent,1
ball,1
smak,1
acceptChallenge,1
visitPlayer,1
skillCompleted,1
test2,1
boughtGacha,1
social_share,1
clanPromote,1
tapGuestContBtn,1
social_facebook_login,1
gamePlayQuality,1
qs5_mm_time,1
questionEdited,1
puzzleUnlocked,1
searchSwitchToPeople,1
resume,1
endBattleLobby,1
babyWantsImpressions,1
dailyMissionCompleted,1
reportAdSent,1
gainXP,1
funnelIntroDepartBrazil,1
levelBeginLoad,1
unlimitedLivesPopup1,1
socialInvite,1
facebookSuccess,1
cruiseShipStart,1
dieMiss,1
ftue_9,1
reached_level_20,1
commandExecuted,1
adsRewarded,1
at_end_drag_fail,1
collectThought,1
resetQuests,1
muteUser,1
socialShareCollection,1
championUnlocked,1
deepLinkProcessed,1
rivalsEventPlayerResult,1
setItemCount,1
otherResourcesNavigateSearchWeb,1
otherResourcesGotPhotoFromMyWafflePhotos,1
connectionAcquired,1
press_button_leaderboard,1
gamePhaseLoaded,1
level_event,1
puscreen,1
publishedQuiz,1
decorate,1
guildRank,1
purchaseAvatarItem,1
meteorCraterTapped,1
missionLoaded,1
guildSettings,1
startProduct,1
endChangeSummonersPowers,1
zukoABTest,1
saveDataDLCHack,1
tournamentEnded,1
friend_2v2_action,1
ftueUseSuper1,1
createdQuizSent,1
paradeLaunch,1
at_get_resource,1
sharedQuizTab,1
otherResourcesNavigateFacebook,1
levelUpLog,1
collectFunctional,1
clueResponse,1
rosterLockSongs,1
newSessionInfo,1
teleportBetweenZones,1
firstTap,1
economy_iap_pending_validation,1
promoCodeActivated,1
openWindow,1
gui_interaction,1
gameplay_resetMission,1
contentUpload,1
xbitSlot,1
keysGateReceived,1
safeMissed,1
block10Build,1
gameActionStarted,1
chat_challenge_issued,1
sessionFirstScreen,1
acceptPvPInvt,1
friend_request_rejected,1
gameplay_enter_location,1
hideWindow,1
gemSpend,1
training_L40,1
testroomActiveSession,1
quickMatch,1
heroSkinActivated,1
shareAppLink,1
vcTransaction,1
tutorialStepStart,1
newEndRun,1
infinityPuzzleCompleted,1
lvlUp,1
offline_event,1
adTest,1
processTime,1
bingoOrderCompleted,1
buy_iron_archer,1
facebookRegistrationComplete,1
clanJoinPrompt,1
dialogOpened,1
setPushPrefs,1
characterCompleted,1
myDataClicked,1
iCloud,1
userAttacked,1
matchRoster,1
beginAfk,1
get_achievement,1
kingdomBattle,1
beginNickRename,1
connectionLost,1
campaignCompleted,1
setAcquisition,1
more_games,1
economy_iap_completed,1
tutorialFight2,1
usage1,1
openRocket,1
usedTempPassword,1
systemNetworkSlowConnectionOn,1
ftueLevelCompleted1,1
ftueLevelSelected1,1
session_begin,1
ftue_999,1
field_request,1
aaAddContact,1
shoot_ice,1
iOSDeviceStats,1
aaLoginDevice,1
challengeStarted,1
minigame_fail,1
purchaseWorkstation,1
quizEndingNavigateStats,1
setName,1
aaBlockUser,1
newChallenge,1
sharedTutorialComplete,1
at_spend_money_real,1
at_complete_city_name,1
marketCollectItem,1
iapPurchaseFailed,1
goToUpgradeState,1
hostMatchStart,1
message,1
upgradeRelationship,1
clanDemote,1
select_fire,1
systemNetworkSlowConnectionCloseApp,1
showAlert,1
minigameWon,1
bingoMilestoneReached,1
buyFirstSymptom,1
segment,1
getTrophy,1
showBlackMarketPopup,1
share_snapshot_facebook,1
adConsentDeclined,1
use_ho_hint,1
metagameInitialised,1
myQuizzesQuiz,1
ylandCreated,1
at_click_drag,1
spinGiftConsumed,1
breakDownItem,1
visitedSaveGameFailed,1
material_removed,1
performance_started,1
tutorial_step,1
repairFortress,1
economy_offerwall_reward,1
challenge_received,1
powerupRetryUsed,1
newStuffEquipped,1
barDepletion,1
purchaseSucceeded,1
oaMoveShipsCommand,1
song_ended,1
buyPack,1
missionData,1
aaDeleteAccount,1
guildEventFunnel,1
facebookPopupConnect,1
purchaseDecorItem,1
chatCreated,1
tutorialJumping,1
collection_item_removed,1
at_auth_facebook,1
inviteFriends,1
broadcastQuit,1
comprar,1
pack_complete,1
socialSharePuzzle,1
optionsTabClose,1
gamesparksTimeout,1
uI_open_news,1
giftingsendbombspopupclosed,1
gameplay_feed_show,1
openedNotificationFailurePopup,1
pgVaultCollected,1
adConversion,1
spinGiftedReciprocal,1
bushidoTransaction,1
orderCompleted,1
currencySpent,1
modalSongsLocked,1
gameFinished,1
socialLogin,1
endNickRename,1
unlock_location,1
prizeGuttered,1
watchAd,1
transactionFailed,1
performanceCheck,1
storeButtonPressed,1
skillStarted,1
bagRevealed,1
number_of_friends,1
createQuestionBack,1
gameCenter,1
collectionUndislike,1
leagueLevelDown,1
newOnboardingChallenge,1
oaJoinGameMapCommand,1
shareQuiz,1
rematchChallenge,1
coinsAtLevelUp,1
gameError,1
qs8_mm_time,1
trialMenuSelection,1
tournamentCompleted,1
testroomInactiveSession,1
cardPackagePurchase,1
runningStarted,1
missionObstacles,1
loginPreloaderFinish,1
gameComplete,1
progSafeNewGoal,1
pxSherlock,1
skinChoice,1
tutorialAvatarSelect,1
boosterActivated,1
brainMeterChanged,1
playlistAdd,1
adWatchCompleted,1
abTest3,1
reviewPrompt,1
raiderLevelUp,1
heroDeath,1
closedPackSelectPushNotificationSlideout,1
matchMakeCreate,1
heyzapShow,1
app_open,1
battleLost,1
livesStore1,1
tutorialProgress,1
characterSetup,1
job_role_recieved,1
at_open_window,1
cozGameStarted,1
createQuestionRevealWinConfirm,1
partyCreatePhases,1
lastThoughtUsed,1
quizFinishedQuestions,1
ammoFired,1
giftinginboxpopupclosed,1
training_Time,1
